date,ayanamsa,sun_declination,equation_of_time,sun_long,sun_speed,moon_long,moon_speed,mars_long,mars_speed,mercury_long,mercury_speed,jupiter_long,jupiter_speed,venus_long,venus_speed,saturn_long,saturn_speed,uranus_long,uranus_speed,neptune_long,neptune_speed,pluto_long,pluto_speed,rahu_long,rahu_speed,ketu_long,ketu_speed
2024-01-01,24.1924,-23.0191,-3.29,280.5485,1.0190,161.9070,11.8138,267.6792,0.7418,262.2120,-0.0989,35.5844,0.0048,243.2205,1.2165,333.2880,0.0890,49.3731,-0.0215,355.0834,0.0148,299.3731,0.0311,21.0339,-0.0763,201.0339,-0.0763
2024-01-02,24.1924,-22.9347,-3.76,281.5676,1.0191,173.7085,11.8027,268.4214,0.7426,262.1915,0.0560,35.5909,0.0083,244.4374,1.2175,333.3775,0.0901,49.3519,-0.0208,355.0985,0.0154,299.4043,0.0312,20.9791,-0.0355,200.9791,-0.0355
2024-01-03,24.1924,-22.8427,-4.22,282.5867,1.0192,185.5412,11.8777,269.1643,0.7433,262.3201,0.1992,35.6009,0.0117,245.6554,1.2184,333.4682,0.0912,49.3315,-0.0200,355.1141,0.0159,299.4356,0.0314,20.9581,-0.0090,200.9581,-0.0090
2024-01-04,24.1925,-22.7431,-4.68,283.6060,1.0193,197.4949,12.0452,269.9080,0.7441,262.5859,0.3304,35.6143,0.0152,246.8742,1.2193,333.5600,0.0923,49.3119,-0.0193,355.1303,0.0164,299.4670,0.0315,20.9556,0.0008,200.9556,0.0008
2024-01-05,24.1925,-22.6359,-5.13,284.6253,1.0193,209.6628,12.3059,270.6524,0.7448,262.9769,0.4495,35.6313,0.0186,248.0940,1.2202,333.6529,0.0934,49.2930,-0.0185,355.1470,0.0170,299.4986,0.0316,20.9530,-0.0098,200.9530,-0.0098
2024-01-06,24.1926,-22.5213,-5.58,285.6447,1.0194,222.1354,12.6525,271.3977,0.7456,263.4811,0.5570,35.6516,0.0221,249.3146,1.2210,333.7469,0.0945,49.2749,-0.0177,355.1643,0.0175,299.5303,0.0318,20.9296,-0.0398,200.9296,-0.0398
2024-01-07,24.1926,-22.3993,-6.02,286.6641,1.0195,234.9910,13.0680,272.1436,0.7463,264.0873,0.6536,35.6754,0.0255,250.5361,1.2218,333.8419,0.0955,49.2577,-0.0169,355.1820,0.0181,299.5621,0.0319,20.8692,-0.0824,200.8692,-0.0824
2024-01-08,24.1926,-22.2698,-6.45,287.6836,1.0195,248.2849,13.5234,272.8903,0.7471,264.7850,0.7402,35.7027,0.0290,251.7583,1.2226,333.9379,0.0966,49.2412,-0.0160,355.2004,0.0186,299.5941,0.0320,20.7630,-0.1304,200.7630,-0.1304
2024-01-09,24.1927,-22.1331,-6.87,288.7031,1.0195,262.0374,13.9777,273.6378,0.7478,265.5646,0.8176,35.7334,0.0324,252.9813,1.2234,334.0350,0.0976,49.2256,-0.0152,355.2192,0.0191,299.6261,0.0321,20.6095,-0.1749,200.6095,-0.1749
2024-01-10,24.1927,-21.9891,-7.28,289.7226,1.0195,276.2233,14.3814,274.3860,0.7485,266.4174,0.8867,35.7675,0.0358,254.2050,1.2240,334.1330,0.0985,49.2108,-0.0144,355.2386,0.0196,299.6583,0.0322,20.4188,-0.2025,200.4188,-0.2025
2024-01-11,24.1927,-21.8380,-7.69,290.7421,1.0194,290.7669,14.6856,275.1348,0.7492,267.3355,0.9484,35.8050,0.0392,255.4293,1.2247,334.2321,0.0995,49.1968,-0.0136,355.2585,0.0201,299.6905,0.0323,20.2128,-0.2053,200.2128,-0.2053
2024-01-12,24.1928,-21.6798,-8.08,291.7615,1.0193,305.5488,14.8535,275.8843,0.7498,268.3121,1.0036,35.8459,0.0425,256.6543,1.2252,334.3320,0.1004,49.1836,-0.0127,355.2789,0.0206,299.7228,0.0323,20.0147,-0.1881,200.0147,-0.1881
2024-01-13,24.1928,-21.5145,-8.46,292.7807,1.0192,320.4235,14.8712,276.6345,0.7505,269.3409,1.0530,35.8901,0.0459,257.8798,1.2258,334.4329,0.1013,49.1713,-0.0119,355.2998,0.0211,299.7552,0.0324,19.8409,-0.1573,199.8409,-0.1573
2024-01-14,24.1929,-21.3423,-8.84,293.7998,1.0190,335.2452,14.7516,277.3853,0.7511,270.4164,1.0973,35.9376,0.0492,259.1059,1.2263,334.5347,0.1022,49.1598,-0.0111,355.3211,0.0216,299.7875,0.0324,19.7045,-0.1134,199.7045,-0.1134
2024-01-15,24.1929,-21.1633,-9.20,294.8187,1.0188,349.8921,14.5284,278.1367,0.7517,271.5340,1.1371,35.9885,0.0525,260.3325,1.2268,334.6373,0.1030,49.1491,-0.0103,355.3429,0.0221,299.8199,0.0324,19.6167,-0.0621,199.6167,-0.0621
2024-01-16,24.1929,-20.9775,-9.55,295.8374,1.0186,4.2818,14.2445,278.8888,0.7523,272.6894,1.1731,36.0426,0.0558,261.5595,1.2273,334.7407,0.1039,49.1393,-0.0094,355.3652,0.0225,299.8524,0.0325,19.5771,-0.0202,199.5771,-0.0202
2024-01-17,24.1930,-20.7851,-9.89,296.8559,1.0184,18.3744,13.9399,279.6414,0.7530,273.8790,1.2055,36.1000,0.0590,262.7871,1.2278,334.8451,0.1047,49.1303,-0.0085,355.3880,0.0230,299.8849,0.0325,19.5688,-0.0006,199.5688,-0.0006
2024-01-18,24.1930,-20.5860,-10.22,297.8741,1.0182,32.1649,13.6444,280.3947,0.7536,275.0995,1.2351,36.1606,0.0622,264.0151,1.2283,334.9502,0.1056,49.1222,-0.0077,355.4112,0.0235,299.9174,0.0325,19.5683,-0.0038,199.5683,-0.0038
2024-01-19,24.1931,-20.3805,-10.53,298.8922,1.0179,45.6720,13.3749,281.1486,0.7542,276.3483,1.2620,36.2244,0.0654,265.2436,1.2287,335.0562,0.1064,49.1149,-0.0068,355.4350,0.0240,299.9499,0.0325,19.5548,-0.0265,199.5548,-0.0265
2024-01-20,24.1931,-20.1686,-10.84,299.9100,1.0177,58.9253,13.1369,281.9032,0.7549,277.6228,1.2866,36.2915,0.0686,266.4726,1.2292,335.1629,0.1071,49.1086,-0.0059,355.4592,0.0244,299.9824,0.0325,19.5093,-0.0676,199.5093,-0.0676
2024-01-21,24.1931,-19.9504,-11.13,300.9276,1.0175,71.9554,12.9277,282.6583,0.7555,278.9209,1.3094,36.3617,0.0718,267.7020,1.2297,335.2704,0.1079,49.1031,-0.0050,355.4838,0.0249,300.0150,0.0325,19.4150,-0.1224,199.4150,-0.1224
2024-01-22,24.1932,-19.7260,-11.40,301.9450,1.0172,84.7878,12.7401,283.4141,0.7561,280.2409,1.3304,36.4350,0.0749,268.9319,1.2301,335.3787,0.1086,49.0985,-0.0042,355.5089,0.0253,300.0475,0.0325,19.2648,-0.1761,199.2648,-0.1761
2024-01-23,24.1932,-19.4955,-11.67,302.9621,1.0170,97.4400,12.5660,284.1705,0.7567,281.5812,1.3499,36.5114,0.0779,270.1622,1.2305,335.4877,0.1093,49.0948,-0.0033,355.5344,0.0258,300.0800,0.0325,19.0687,-0.2123,199.0687,-0.2123
2024-01-24,24.1932,-19.2591,-11.92,303.9790,1.0168,109.9223,12.3997,284.9275,0.7573,282.9403,1.3682,36.5908,0.0810,271.3929,1.2309,335.5973,0.1100,49.0919,-0.0024,355.5604,0.0262,300.1126,0.0325,18.8480,-0.2254,198.8480,-0.2254
2024-01-25,24.1933,-19.0167,-12.16,304.9956,1.0165,122.2413,12.2395,285.6851,0.7579,284.3172,1.3854,36.6733,0.0840,272.6241,1.2313,335.7077,0.1107,49.0899,-0.0016,355.5868,0.0266,300.1450,0.0325,18.6233,-0.2219,198.6233,-0.2219
2024-01-26,24.1933,-18.7686,-12.38,306.0120,1.0163,134.4044,12.0888,286.4433,0.7585,285.7108,1.4017,36.7587,0.0869,273.8556,1.2317,335.8187,0.1113,49.0888,-0.0007,355.6136,0.0270,300.1775,0.0324,18.4076,-0.2077,198.4076,-0.2077
2024-01-27,24.1934,-18.5148,-12.59,307.0282,1.0161,146.4248,11.9559,287.2021,0.7591,287.1203,1.4172,36.8471,0.0899,275.0876,1.2321,335.9303,0.1120,49.0885,0.0002,355.6408,0.0274,300.2098,0.0323,18.2124,-0.1800,198.2124,-0.1800
2024-01-28,24.1934,-18.2553,-12.79,308.0442,1.0158,158.3260,11.8526,287.9615,0.7597,288.5449,1.4321,36.9384,0.0928,276.3199,1.2325,336.0426,0.1126,49.0891,0.0010,355.6684,0.0278,300.2421,0.0323,18.0529,-0.1368,198.0529,-0.1368
2024-01-29,24.1934,-17.9904,-12.97,309.0599,1.0156,170.1444,11.7926,288.7215,0.7603,289.9842,1.4464,37.0326,0.0957,277.5526,1.2329,336.1555,0.1132,49.0905,0.0019,355.6963,0.0282,300.2744,0.0322,17.9413,-0.0863,197.9413,-0.0863
2024-01-30,24.1935,-17.7202,-13.14,310.0754,1.0154,181.9305,11.7903,289.4821,0.7609,291.4376,1.4603,37.1297,0.0985,278.7857,1.2333,336.2689,0.1137,49.0929,0.0028,355.7247,0.0286,300.3065,0.0321,17.8786,-0.0407,197.8786,-0.0407
2024-01-31,24.1935,-17.4446,-13.30,311.0908,1.0152,193.7488,11.8590,290.2433,0.7615,292.9047,1.4738,37.2297,0.1014,280.0191,1.2336,336.3829,0.1143,49.0961,0.0037,355.7534,0.0289,300.3386,0.0320,17.8556,-0.0078,197.8556,-0.0078
2024-02-01,24.1935,-17.1639,-13.45,312.1059,1.0150,205.6760,12.0097,291.0051,0.7621,294.3852,1.4871,37.3325,0.1042,281.2529,1.2340,336.4975,0.1149,49.1002,0.0045,355.7826,0.0293,300.3706,0.0320,17.8577,0.0089,197.8577,0.0089
2024-02-02,24.1936,-16.8781,-13.58,313.1208,1.0148,217.7980,12.2494,291.7675,0.7627,295.8789,1.5002,37.4380,0.1070,282.4870,1.2343,336.6127,0.1154,49.1052,0.0054,355.8121,0.0297,300.4025,0.0319,17.8669,0.0063,197.8669,0.0063
2024-02-03,24.1936,-16.5873,-13.70,314.1355,1.0146,230.2049,12.5789,292.5305,0.7633,297.3856,1.5132,37.5464,0.1097,283.7215,1.2346,336.7283,0.1159,49.1111,0.0063,355.8420,0.0301,300.4344,0.0318,17.8646,-0.0135,197.8646,-0.0135
2024-02-04,24.1937,-16.2917,-13.80,315.1500,1.0144,242.9831,12.9898,293.2940,0.7638,298.9052,1.5260,37.6575,0.1125,284.9563,1.2349,336.8445,0.1164,49.1178,0.0072,355.8722,0.0305,300.4661,0.0317,17.8361,-0.0450,197.8361,-0.0450
2024-02-05,24.1937,-15.9913,-13.89,316.1643,1.0142,256.2052,13.4623,294.0582,0.7644,300.4376,1.5388,37.7713,0.1152,286.1914,1.2352,336.9612,0.1169,49.1255,0.0081,355.9029,0.0308,300.4978,0.0316,17.7721,-0.0841,197.7721,-0.0841
2024-02-06,24.1937,-15.6863,-13.97,317.1783,1.0139,269.9167,13.9617,294.8229,0.7650,301.9828,1.5517,37.8879,0.1179,287.4268,1.2355,337.0783,0.1174,49.1341,0.0090,355.9339,0.0312,300.5293,0.0315,17.6671,-0.1250,197.6671,-0.1250
2024-02-07,24.1938,-15.3769,-14.04,318.1921,1.0136,284.1214,14.4394,295.5881,0.7655,303.5409,1.5645,38.0070,0.1205,288.6624,1.2357,337.1959,0.1178,49.1435,0.0099,355.9652,0.0315,300.5607,0.0313,17.5263,-0.1531,197.5263,-0.1531
2024-02-08,24.1938,-15.0630,-14.09,319.2056,1.0133,298.7690,14.8379,296.3538,0.7660,305.1119,1.5774,38.1288,0.1231,289.8982,1.2359,337.3139,0.1182,49.1538,0.0107,355.9969,0.0318,300.5920,0.0312,17.3690,-0.1574,197.3690,-0.1574
2024-02-09,24.1939,-14.7449,-14.13,320.2187,1.0130,313.7526,15.1034,297.1200,0.7664,306.6958,1.5905,38.2532,0.1256,291.1342,1.2361,337.4324,0.1186,49.1650,0.0116,356.0288,0.0321,300.6231,0.0310,17.2175,-0.1436,197.2175,-0.1436
2024-02-10,24.1939,-14.4227,-14.15,321.2315,1.0126,328.9192,15.2003,297.8867,0.7669,308.2928,1.6036,38.3801,0.1282,292.3703,1.2362,337.5511,0.1189,49.1770,0.0125,356.0611,0.0324,300.6540,0.0308,17.0844,-0.1212,197.0844,-0.1212
2024-02-11,24.1939,-14.0964,-14.17,322.2439,1.0122,344.0946,15.1224,298.6538,0.7673,309.9031,1.6169,38.5095,0.1307,293.6066,1.2363,337.6702,0.1193,49.1899,0.0133,356.0936,0.0327,300.6848,0.0307,16.9788,-0.0876,196.9788,-0.0876
2024-02-12,24.1940,-13.7663,-14.17,323.2559,1.0118,359.1134,14.8933,299.4214,0.7678,311.5268,1.6305,38.6414,0.1331,294.8430,1.2364,337.7896,0.1196,49.2037,0.0142,356.1265,0.0330,300.7154,0.0305,16.9128,-0.0436,196.9128,-0.0436
2024-02-13,24.1940,-13.4324,-14.15,324.2674,1.0113,13.8458,14.5577,300.1893,0.7682,313.1641,1.6442,38.7757,0.1355,296.0794,1.2365,337.9094,0.1199,49.2183,0.0150,356.1596,0.0333,300.7458,0.0303,16.8896,-0.0056,196.8896,-0.0056
2024-02-14,24.1940,-13.0948,-14.13,325.2785,1.0109,28.2105,14.1665,300.9577,0.7686,314.8152,1.6582,38.9125,0.1380,297.3160,1.2366,338.0294,0.1202,49.2337,0.0159,356.1930,0.0335,300.7760,0.0301,16.8949,0.0130,196.8949,0.0130
2024-02-15,24.1941,-12.7537,-14.09,326.2892,1.0104,42.1756,13.7648,301.7265,0.7690,316.4805,1.6724,39.0516,0.1403,298.5527,1.2367,338.1497,0.1205,49.2501,0.0168,356.2267,0.0338,300.8060,0.0299,16.9102,0.0155,196.9102,0.0155
2024-02-16,24.1941,-12.4092,-14.04,327.2994,1.0099,55.7478,13.3853,302.4958,0.7694,318.1601,1.6868,39.1931,0.1427,299.7894,1.2368,338.2703,0.1207,49.2672,0.0176,356.2606,0.0341,300.8359,0.0298,16.9221,0.0060,196.9221,0.0060
2024-02-17,24.1942,-12.0614,-13.98,328.3090,1.0095,68.9601,13.0471,303.2654,0.7698,319.8542,1.7015,39.3370,0.1450,301.0263,1.2369,338.3912,0.1209,49.2853,0.0185,356.2949,0.0344,300.8655,0.0296,16.9167,-0.0199,196.9167,-0.0199
2024-02-18,24.1942,-11.7104,-13.90,329.3183,1.0090,81.8587,12.7584,304.0354,0.7702,321.5632,1.7165,39.4830,0.1472,302.2632,1.2370,338.5122,0.1212,49.3042,0.0193,356.3294,0.0346,300.8950,0.0294,16.8773,-0.0604,196.8773,-0.0604
2024-02-19,24.1942,-11.3564,-13.81,330.3270,1.0085,94.4933,12.5188,304.8058,0.7706,323.2872,1.7316,39.6313,0.1494,303.5002,1.2370,338.6335,0.1213,49.3239,0.0201,356.3641,0.0348,300.9242,0.0291,16.7959,-0.1008,196.7959,-0.1008
2024-02-20,24.1943,-10.9995,-13.72,331.3352,1.0080,106.9109,12.3233,305.5766,0.7710,325.0265,1.7470,39.7818,0.1516,304.7373,1.2371,338.7549,0.1215,49.3445,0.0210,356.3990,0.0351,300.9532,0.0289,16.6806,-0.1270,196.6806,-0.1270
2024-02-21,24.1943,-10.6397,-13.61,332.3429,1.0075,119.1522,12.1650,306.3478,0.7713,326.7812,1.7625,39.9345,0.1537,305.9744,1.2372,338.8764,0.1216,49.3658,0.0218,356.4342,0.0353,300.9820,0.0286,16.5472,-0.1376,196.5472,-0.1376
2024-02-22,24.1944,-10.2772,-13.49,333.3502,1.0070,131.2511,12.0376,307.1193,0.7717,328.5515,1.7782,40.0892,0.1558,307.2116,1.2372,338.9981,0.1218,49.3880,0.0226,356.4695,0.0355,301.0105,0.0284,16.4087,-0.1379,196.4087,-0.1379
2024-02-23,24.1944,-9.9121,-13.36,334.3569,1.0065,143.2363,11.9370,307.8912,0.7721,330.3375,1.7939,40.2461,0.1579,308.4489,1.2373,339.1200,0.1219,49.4109,0.0233,356.5051,0.0356,301.0388,0.0281,16.2743,-0.1292,196.2743,-0.1292
2024-02-24,24.1944,-9.5445,-13.22,335.3632,1.0060,155.1337,11.8622,308.6635,0.7724,332.1393,1.8097,40.4050,0.1599,309.6863,1.2374,339.2418,0.1219,49.4347,0.0241,356.5408,0.0358,301.0668,0.0279,16.1541,-0.1092,196.1541,-0.1092
2024-02-25,24.1945,-9.1745,-13.06,336.3689,1.0056,166.9700,11.8154,309.4361,0.7728,333.9568,1.8254,40.5659,0.1619,310.9237,1.2375,339.3638,0.1220,49.4592,0.0249,356.5768,0.0360,301.0945,0.0276,16.0596,-0.0785,196.0596,-0.0785
2024-02-26,24.1945,-8.8023,-12.90,337.3743,1.0051,178.7758,11.8024,310.2090,0.7731,335.7900,1.8409,40.7288,0.1639,312.1612,1.2375,339.4859,0.1221,49.4845,0.0257,356.6128,0.0362,301.1220,0.0273,15.9984,-0.0438,195.9984,-0.0438
2024-02-27,24.1945,-8.4278,-12.73,338.3792,1.0047,190.5888,11.8313,310.9823,0.7735,337.6385,1.8562,40.8936,0.1658,313.3988,1.2376,339.6079,0.1221,49.5106,0.0265,356.6491,0.0363,301.1492,0.0271,15.9709,-0.0122,195.9709,-0.0122
2024-02-28,24.1946,-8.0512,-12.55,339.3836,1.0042,202.4556,11.9116,311.7560,0.7738,339.5021,1.8710,41.0604,0.1678,314.6364,1.2377,339.7300,0.1221,49.5375,0.0273,356.6855,0.0365,301.1761,0.0268,15.9717,0.0125,195.9717,0.0125
2024-02-29,24.1946,-7.6727,-12.37,340.3876,1.0038,214.4326,12.0533,312.5300,0.7742,341.3802,1.8851,41.2292,0.1697,315.8741,1.2378,339.8521,0.1221,49.5651,0.0280,356.7221,0.0367,301.2028,0.0265,15.9926,0.0273,195.9926,0.0273
2024-03-01,24.1947,-7.2923,-12.17,341.3913,1.0034,226.5855,12.2646,313.3044,0.7745,343.2721,1.8984,41.3998,0.1716,317.1120,1.2379,339.9743,0.1221,49.5935,0.0288,356.7589,0.0368,301.2291,0.0262,16.0219,0.0288,196.0219,0.0288
2024-03-02,24.1947,-6.9101,-11.97,342.3945,1.0030,238.9867,12.5504,314.0791,0.7749,345.1766,1.9105,41.5723,0.1734,318.3499,1.2379,340.0964,0.1221,49.6227,0.0296,356.7958,0.0370,301.2552,0.0260,16.0462,0.0182,196.0462,0.0182
2024-03-03,24.1947,-6.5263,-11.76,343.3973,1.0026,251.7110,12.9097,314.8542,0.7752,347.0927,1.9213,41.7466,0.1752,319.5879,1.2380,340.2185,0.1221,49.6527,0.0303,356.8329,0.0371,301.2811,0.0257,16.0566,0.0023,196.0566,0.0023
2024-03-04,24.1948,-6.1409,-11.54,344.3996,1.0022,264.8274,13.3324,315.6295,0.7755,349.0186,1.9302,41.9227,0.1770,320.8259,1.2381,340.3406,0.1220,49.6834,0.0311,356.8700,0.0373,301.3066,0.0254,16.0497,-0.0168,196.0497,-0.0168
2024-03-05,24.1948,-5.7540,-11.31,345.4016,1.0018,278.3898,13.7968,316.4052,0.7758,350.9524,1.9370,42.1006,0.1788,322.0640,1.2381,340.4626,0.1220,49.7149,0.0318,356.9074,0.0374,301.3318,0.0251,16.0212,-0.0411,196.0212,-0.0411
2024-03-06,24.1948,-5.3658,-11.08,346.4031,1.0013,292.4233,14.2676,317.1811,0.7761,352.8916,1.9411,42.2802,0.1805,323.3021,1.2381,340.5845,0.1219,49.7471,0.0326,356.9448,0.0375,301.3567,0.0247,15.9677,-0.0645,195.9677,-0.0645
2024-03-07,24.1949,-4.9764,-10.84,347.4042,1.0008,306.9113,14.6972,317.9573,0.7763,354.8334,1.9420,42.4616,0.1822,324.5402,1.2381,340.7063,0.1217,49.7800,0.0333,356.9823,0.0375,301.3812,0.0244,15.8974,-0.0729,195.8974,-0.0729
2024-03-08,24.1949,-4.5858,-10.60,348.4048,1.0004,321.7862,15.0325,318.7337,0.7765,356.7744,1.9392,42.6446,0.1838,325.7784,1.2381,340.8279,0.1215,49.8136,0.0339,357.0199,0.0376,301.4054,0.0240,15.8277,-0.0643,195.8277,-0.0643
2024-03-09,24.1950,-4.1943,-10.35,349.4049,0.9998,336.9289,15.2265,319.5102,0.7767,358.7104,1.9321,42.8292,0.1854,327.0164,1.2380,340.9494,0.1214,49.8479,0.0346,357.0575,0.0377,301.4293,0.0237,15.7707,-0.0495,195.7707,-0.0495
2024-03-10,24.1950,-3.8019,-10.09,350.4045,0.9993,352.1826,15.2516,320.2870,0.7768,0.6369,1.9201,43.0155,0.1870,328.2545,1.2380,341.0707,0.1212,49.8828,0.0353,357.0952,0.0377,301.4528,0.0233,15.7291,-0.0331,195.7291,-0.0331
2024-03-11,24.1950,-3.4087,-9.83,351.4035,0.9988,7.3753,15.1071,321.0639,0.7770,2.5488,1.9026,43.2033,0.1886,329.4924,1.2379,341.1917,0.1209,49.9185,0.0360,357.1330,0.0378,301.4759,0.0230,15.7061,-0.0121,195.7061,-0.0121
2024-03-12,24.1951,-3.0148,-9.56,352.4020,0.9982,22.3488,14.8190,321.8410,0.7772,4.4401,1.8790,43.3927,0.1902,330.7303,1.2378,341.3125,0.1207,49.9548,0.0367,357.1708,0.0378,301.4987,0.0226,15.7048,0.0084,195.7048,0.0084
2024-03-13,24.1951,-2.6204,-9.29,353.3999,0.9976,36.9801,14.4309,322.6182,0.7773,6.3044,1.8486,43.5836,0.1917,331.9681,1.2378,341.4332,0.1205,49.9919,0.0374,357.2086,0.0379,301.5211,0.0223,15.7197,0.0196,195.7197,0.0196
2024-03-14,24.1952,-2.2256,-9.01,354.3972,0.9970,51.1939,13.9922,323.3956,0.7774,8.1349,1.8110,43.7761,0.1932,333.2058,1.2377,341.5535,0.1202,50.0296,0.0380,357.2466,0.0379,301.5432,0.0219,15.7414,0.0229,195.7414,0.0229
2024-03-15,24.1952,-1.8304,-8.73,355.3939,0.9964,64.9625,13.5471,324.1731,0.7775,9.9240,1.7659,43.9700,0.1946,334.4435,1.2376,341.6736,0.1200,50.0679,0.0387,357.2845,0.0380,301.5649,0.0216,15.7640,0.0212,195.7640,0.0212
2024-03-16,24.1952,-1.4350,-8.45,356.3900,0.9958,78.2976,13.1297,324.9507,0.7776,11.6640,1.7128,44.1653,0.1960,335.6810,1.2375,341.7934,0.1197,50.1070,0.0393,357.3225,0.0380,301.5863,0.0212,15.7808,0.0108,195.7808,0.0108
2024-03-17,24.1953,-1.0396,-8.16,357.3855,0.9952,91.2387,12.7620,325.7284,0.7777,13.3470,1.6518,44.3620,0.1974,336.9184,1.2374,341.9130,0.1193,50.1466,0.0400,357.3604,0.0379,301.6073,0.0208,15.7828,-0.0073,195.7828,-0.0073
2024-03-18,24.1953,-0.6441,-7.87,358.3803,0.9945,103.8420,12.4553,326.5062,0.7778,14.9649,1.5827,44.5601,0.1988,338.1558,1.2373,342.0321,0.1190,50.1869,0.0406,357.3984,0.0380,301.6279,0.0204,15.7673,-0.0222,195.7673,-0.0222
2024-03-19,24.1953,-0.2487,-7.58,359.3745,0.9939,116.1708,12.2130,327.2840,0.7779,16.5098,1.5058,44.7596,0.2001,339.3930,1.2371,342.1509,0.1186,50.2278,0.0412,357.4363,0.0380,301.6481,0.0200,15.7416,-0.0281,195.7416,-0.0281
2024-03-20,24.1954,0.1465,-7.28,0.3681,0.9933,128.2887,12.0328,328.0619,0.7779,17.9741,1.4214,44.9603,0.2013,340.6301,1.2370,342.2694,0.1182,50.2692,0.0418,357.4743,0.0379,301.6679,0.0196,15.7121,-0.0312,195.7121,-0.0312
2024-03-21,24.1954,0.5414,-6.98,1.3611,0.9926,140.2553,11.9094,328.8399,0.7780,19.3503,1.3299,45.1622,0.2026,341.8670,1.2369,342.3874,0.1178,50.3113,0.0423,357.5122,0.0379,301.6873,0.0192,15.6785,-0.0360,195.6785,-0.0360
2024-03-22,24.1955,0.9359,-6.68,2.3534,0.9920,152.1243,11.8363,329.6179,0.7780,20.6316,1.2318,45.3654,0.2038,343.1039,1.2368,342.5050,0.1174,50.3539,0.0429,357.5500,0.0378,301.7063,0.0188,15.6414,-0.0369,195.6414,-0.0369
2024-03-23,24.1955,1.3300,-6.38,3.3451,0.9914,163.9426,11.8072,330.3959,0.7781,21.8118,1.1277,45.5699,0.2050,344.3407,1.2367,342.6222,0.1170,50.3970,0.0434,357.5878,0.0378,301.7249,0.0184,15.6077,-0.0291,195.6077,-0.0291
2024-03-24,24.1955,1.7234,-6.08,4.3362,0.9908,175.7515,11.8168,331.1740,0.7781,22.8852,1.0184,45.7755,0.2062,345.5773,1.2366,342.7389,0.1165,50.4408,0.0440,357.6256,0.0377,301.7430,0.0180,15.5850,-0.0162,195.5850,-0.0162
2024-03-25,24.1956,2.1162,-5.78,5.3268,0.9903,187.5881,11.8620,331.9521,0.7782,23.8470,0.9045,45.9822,0.2073,346.8139,1.2365,342.8552,0.1161,50.4850,0.0445,357.6632,0.0376,301.7608,0.0175,15.5746,-0.0053,195.5746,-0.0053
2024-03-26,24.1956,2.5083,-5.47,6.3168,0.9897,199.4871,11.9417,332.7303,0.7782,24.6929,0.7868,46.1901,0.2085,348.0504,1.2365,342.9710,0.1156,50.5298,0.0451,357.7009,0.0376,301.7781,0.0171,15.5732,0.0023,195.5732,0.0023
2024-03-27,24.1957,2.8994,-5.17,7.3062,0.9892,211.4836,12.0574,333.5085,0.7782,25.4195,0.6661,46.3992,0.2096,349.2868,1.2364,343.0864,0.1151,50.5752,0.0456,357.7384,0.0375,301.7950,0.0167,15.5788,0.0089,195.5788,0.0089
2024-03-28,24.1957,3.2897,-4.87,8.2951,0.9887,223.6151,12.2123,334.2868,0.7783,26.0244,0.5434,46.6094,0.2107,350.5232,1.2363,343.2013,0.1146,50.6211,0.0461,357.7759,0.0374,301.8116,0.0163,15.5906,0.0139,195.5906,0.0139
2024-03-29,24.1957,3.6789,-4.56,9.2835,0.9882,235.9227,12.4103,335.0650,0.7783,26.5059,0.4194,46.8206,0.2118,351.7595,1.2363,343.3156,0.1141,50.6675,0.0467,357.8133,0.0374,301.8277,0.0159,15.6047,0.0132,195.6047,0.0132
2024-03-30,24.1958,4.0670,-4.26,10.2715,0.9877,248.4515,12.6550,335.8433,0.7783,26.8632,0.2953,47.0329,0.2128,352.9958,1.2362,343.4294,0.1136,50.7144,0.0472,357.8506,0.0373,301.8433,0.0155,15.6150,0.0068,195.6150,0.0068
2024-03-31,24.1958,4.4539,-3.97,11.2589,0.9872,261.2488,12.9474,336.6216,0.7783,27.0967,0.1720,47.2463,0.2139,354.2319,1.2362,343.5427,0.1130,50.7618,0.0477,357.8878,0.0372,301.8586,0.0151,15.6189,0.0019,195.6189,0.0019
2024-04-01,24.1958,4.8395,-3.67,12.2458,0.9867,274.3613,13.2843,337.3999,0.7783,27.2078,0.0508,47.4606,0.2149,355.4681,1.2361,343.6555,0.1124,50.8097,0.0482,357.9249,0.0371,301.8735,0.0146,15.6211,0.0034,195.6211,0.0034
2024-04-02,24.1959,5.2237,-3.37,13.2323,0.9862,287.8288,13.6552,338.1782,0.7782,27.1993,-0.0671,47.6760,0.2158,356.7041,1.2360,343.7676,0.1118,50.8581,0.0486,357.9619,0.0369,301.8879,0.0142,15.6259,0.0055,195.6259,0.0055
2024-04-03,24.1959,5.6064,-3.08,14.2182,0.9857,301.6767,14.0409,338.9564,0.7782,27.0753,-0.1802,47.8923,0.2168,357.9401,1.2359,343.8791,0.1112,50.9070,0.0491,357.9988,0.0368,301.9018,0.0137,15.6298,0.0013,195.6298,0.0013
2024-04-04,24.1960,5.9875,-2.79,15.2037,0.9852,315.9060,14.4124,339.7345,0.7781,26.8411,-0.2870,48.1095,0.2177,359.1760,1.2358,343.9900,0.1106,50.9563,0.0495,358.0355,0.0366,301.9153,0.0133,15.6277,-0.0048,195.6277,-0.0048
2024-04-05,24.1960,6.3669,-2.51,16.1887,0.9847,330.4845,14.7329,340.5126,0.7780,26.5037,-0.3862,48.3277,0.2186,0.4118,1.2357,344.1002,0.1099,51.0060,0.0499,358.0720,0.0365,301.9283,0.0128,15.6226,-0.0040,195.6226,-0.0040
2024-04-06,24.1960,6.7445,-2.23,17.1731,0.9842,345.3415,14.9628,341.2905,0.7778,26.0717,-0.4762,48.5467,0.2194,1.6475,1.2356,344.2098,0.1092,51.0561,0.0503,358.1084,0.0363,301.9409,0.0123,15.6213,0.0014,195.6213,0.0014
2024-04-07,24.1961,7.1202,-1.95,18.1571,0.9837,0.3685,15.0682,342.0682,0.7777,25.5549,-0.5555,48.7666,0.2203,2.8830,1.2355,344.3186,0.1085,51.1067,0.0507,358.1445,0.0361,301.9530,0.0119,15.6242,0.0033,195.6242,0.0033
2024-04-08,24.1961,7.4939,-1.67,19.1405,0.9831,15.4296,15.0291,342.8458,0.7775,24.9647,-0.6229,48.9873,0.2211,4.1184,1.2353,344.4268,0.1078,51.1576,0.0512,358.1806,0.0359,301.9646,0.0114,15.6261,0.0001,195.6261,0.0001
2024-04-09,24.1961,7.8655,-1.40,20.1233,0.9826,30.3786,14.8457,343.6232,0.7773,24.3135,-0.6772,49.2088,0.2219,5.3537,1.2352,344.5342,0.1071,51.2090,0.0516,358.2164,0.0358,301.9758,0.0110,15.6240,-0.0044,195.6240,-0.0044
2024-04-10,24.1962,8.2349,-1.14,21.1056,0.9820,45.0797,14.5385,344.4005,0.7771,23.6149,-0.7176,49.4312,0.2227,6.5888,1.2351,344.6409,0.1063,51.2607,0.0520,358.2521,0.0356,301.9865,0.0105,15.6177,-0.0079,195.6177,-0.0079
2024-04-11,24.1962,8.6019,-0.88,22.0873,0.9814,59.4266,14.1440,345.1775,0.7769,22.8831,-0.7436,49.6543,0.2235,7.8238,1.2349,344.7469,0.1056,51.3129,0.0523,358.2876,0.0354,301.9968,0.0101,15.6088,-0.0097,195.6088,-0.0097
2024-04-12,24.1963,8.9666,-0.62,23.0684,0.9808,73.3531,13.7051,345.9543,0.7767,22.1325,-0.7551,49.8782,0.2242,9.0586,1.2347,344.8521,0.1048,51.3654,0.0527,358.3229,0.0352,302.0066,0.0096,15.5986,-0.0109,195.5986,-0.0109
2024-04-13,24.1963,9.3287,-0.37,24.0490,0.9802,86.8360,13.2631,346.7309,0.7764,21.3777,-0.7522,50.1027,0.2249,10.2933,1.2346,344.9565,0.1040,51.4183,0.0531,358.3580,0.0350,302.0160,0.0091,15.5863,-0.0142,195.5863,-0.0142
2024-04-14,24.1963,9.6882,-0.13,25.0288,0.9796,99.8899,12.8520,347.5072,0.7762,20.6326,-0.7356,50.3280,0.2256,11.5277,1.2344,345.0601,0.1032,51.4715,0.0534,358.3928,0.0347,302.0249,0.0087,15.5704,-0.0167,195.5704,-0.0167
2024-04-15,24.1964,10.0450,0.11,26.0081,0.9789,112.5586,12.4958,348.2833,0.7759,19.9108,-0.7061,50.5539,0.2262,12.7620,1.2342,345.1629,0.1023,51.5250,0.0537,358.4275,0.0345,302.0333,0.0082,15.5563,-0.0094,195.5563,-0.0094
2024-04-16,24.1964,10.3990,0.35,26.9867,0.9783,124.9048,12.2090,349.0590,0.7756,19.2243,-0.6649,50.7804,0.2268,13.9961,1.2340,345.2648,0.1015,51.5789,0.0540,358.4618,0.0343,302.0413,0.0077,15.5550,0.0076,195.5550,0.0076
2024-04-17,24.1965,10.7501,0.58,27.9647,0.9777,137.0019,11.9979,349.8344,0.7753,18.5844,-0.6133,51.0075,0.2274,15.2300,1.2338,345.3658,0.1006,51.6330,0.0543,358.4960,0.0340,302.0488,0.0072,15.5704,0.0213,195.5704,0.0213
2024-04-18,24.1965,11.0982,0.80,28.9421,0.9771,148.9261,11.8629,350.6096,0.7750,18.0007,-0.5529,51.2352,0.2280,16.4637,1.2336,345.4660,0.0997,51.6874,0.0545,358.5298,0.0337,302.0557,0.0067,15.5935,0.0231,195.5935,0.0231
2024-04-19,24.1965,11.4432,1.01,29.9188,0.9765,160.7517,11.7999,351.3844,0.7747,17.4811,-0.4851,51.4635,0.2285,17.6972,1.2334,345.5652,0.0988,51.7421,0.0548,358.5634,0.0335,302.0622,0.0063,15.6147,0.0191,195.6147,0.0191
2024-04-20,24.1966,11.7850,1.22,30.8950,0.9759,172.5475,11.8018,352.1589,0.7744,17.0323,-0.4116,51.6922,0.2290,18.9305,1.2333,345.6635,0.0979,51.7970,0.0551,358.5967,0.0332,302.0682,0.0058,15.6323,0.0164,195.6323,0.0164
2024-04-21,24.1966,12.1236,1.43,31.8706,0.9753,184.3743,11.8602,352.9331,0.7740,16.6593,-0.3337,51.9215,0.2295,20.1637,1.2331,345.7609,0.0969,51.8522,0.0553,358.6298,0.0329,302.0738,0.0053,15.6467,0.0116,195.6467,0.0116
2024-04-22,24.1966,12.4589,1.62,32.8456,0.9747,196.2838,11.9657,353.7070,0.7737,16.3659,-0.2528,52.1513,0.2300,21.3967,1.2329,345.8574,0.0960,51.9076,0.0556,358.6625,0.0326,302.0788,0.0048,15.6528,-0.0008,195.6528,-0.0008
2024-04-23,24.1967,12.7907,1.81,33.8201,0.9742,208.3183,12.1088,354.4805,0.7734,16.1544,-0.1701,52.3816,0.2305,22.6296,1.2328,345.9529,0.0950,51.9633,0.0558,358.6950,0.0323,302.0834,0.0044,15.6436,-0.0177,195.6436,-0.0177
2024-04-24,24.1967,13.1190,1.99,34.7940,0.9737,220.5113,12.2813,355.2538,0.7731,16.0261,-0.0865,52.6124,0.2310,23.8623,1.2327,346.0475,0.0941,52.0192,0.0560,358.7272,0.0321,302.0876,0.0039,15.6183,-0.0320,195.6183,-0.0320
2024-04-25,24.1968,13.4437,2.16,35.7675,0.9732,232.8884,12.4760,356.0267,0.7728,15.9813,-0.0031,52.8436,0.2314,25.0950,1.2326,346.1410,0.0931,52.0753,0.0562,358.7592,0.0318,302.0913,0.0034,15.5810,-0.0421,195.5810,-0.0421
2024-04-26,24.1968,13.7648,2.32,36.7405,0.9728,245.4691,12.6879,356.7993,0.7724,16.0195,0.0795,53.0752,0.2319,26.3275,1.2325,346.2337,0.0921,52.1317,0.0565,358.7908,0.0315,302.0945,0.0030,15.5346,-0.0505,195.5346,-0.0505
2024-04-27,24.1968,14.0821,2.47,37.7130,0.9723,258.2690,12.9138,357.5715,0.7721,16.1397,0.1606,53.3073,0.2323,27.5600,1.2324,346.3253,0.0911,52.1883,0.0567,358.8221,0.0312,302.0972,0.0025,15.4807,-0.0564,195.4807,-0.0564
2024-04-28,24.1969,14.3956,2.62,38.6851,0.9719,271.3008,13.1517,358.3434,0.7717,16.3402,0.2400,53.5398,0.2327,28.7923,1.2323,346.4159,0.0901,52.2450,0.0568,358.8531,0.0309,302.0995,0.0021,15.4245,-0.0542,195.4245,-0.0542
2024-04-29,24.1969,14.7052,2.75,39.6567,0.9714,284.5762,13.4007,359.1150,0.7713,16.6190,0.3171,53.7726,0.2330,30.0246,1.2322,346.5054,0.0890,52.3019,0.0570,358.8839,0.0305,302.1013,0.0016,15.3764,-0.0397,195.3764,-0.0397
2024-04-30,24.1970,15.0107,2.88,40.6279,0.9710,298.1051,13.6581,359.8861,0.7709,16.9736,0.3918,54.0058,0.2334,31.2567,1.2321,346.5939,0.0879,52.3590,0.0572,358.9142,0.0302,302.1027,0.0011,15.3481,-0.0162,195.3481,-0.0162
2024-05-01,24.1970,15.3121,3.00,41.5987,0.9706,311.8935,13.9184,0.6568,0.7705,17.4018,0.4640,54.2394,0.2337,32.4888,1.2320,346.6813,0.0868,52.4162,0.0573,358.9442,0.0298,302.1035,0.0006,15.3436,0.0062,195.3436,0.0062
2024-05-02,24.1970,15.6094,3.11,42.5691,0.9702,325.9393,14.1707,1.4271,0.7701,17.9008,0.5335,54.4732,0.2340,33.7207,1.2319,346.7676,0.0857,52.4736,0.0574,358.9739,0.0295,302.1039,0.0001,15.3573,0.0193,195.3573,0.0193
2024-05-03,24.1971,15.9023,3.21,43.5391,0.9698,340.2266,14.3981,2.1969,0.7696,18.4680,0.6005,54.7073,0.2343,34.9526,1.2318,346.8527,0.0846,52.5311,0.0575,359.0032,0.0291,302.1038,-0.0004,15.3791,0.0229,195.3791,0.0229
2024-05-04,24.1971,16.1909,3.30,44.5086,0.9693,354.7199,14.5785,2.9662,0.7691,19.1008,0.6648,54.9417,0.2345,36.1844,1.2317,346.9367,0.0834,52.5886,0.0576,359.0321,0.0287,302.1031,-0.0009,15.4008,0.0194,195.4008,0.0194
2024-05-05,24.1971,16.4750,3.38,45.4778,0.9689,9.3595,14.6867,3.7351,0.7686,19.7967,0.7265,55.1763,0.2348,37.4160,1.2316,347.0196,0.0823,52.6463,0.0577,359.0607,0.0284,302.1021,-0.0013,15.4152,0.0077,195.4152,0.0077
2024-05-06,24.1972,16.7546,3.45,46.4465,0.9685,24.0615,14.6997,4.5035,0.7681,20.5531,0.7859,55.4112,0.2350,38.6476,1.2315,347.1013,0.0811,52.7041,0.0578,359.0889,0.0280,302.1005,-0.0018,15.4130,-0.0138,195.4130,-0.0138
2024-05-07,24.1972,17.0295,3.51,47.4148,0.9681,38.7220,14.6024,5.2713,0.7676,21.3677,0.8429,55.6463,0.2352,39.8791,1.2314,347.1818,0.0799,52.7619,0.0579,359.1167,0.0276,302.0985,-0.0022,15.3854,-0.0418,195.3854,-0.0418
2024-05-08,24.1973,17.2996,3.56,48.3827,0.9677,53.2291,14.3938,6.0386,0.7670,22.2381,0.8977,55.8816,0.2354,41.1104,1.2313,347.2612,0.0787,52.8199,0.0580,359.1441,0.0273,302.0960,-0.0027,15.3299,-0.0682,195.3299,-0.0682
2024-05-09,24.1973,17.5650,3.60,49.3502,0.9672,67.4775,14.0888,6.8053,0.7664,23.1624,0.9505,56.1171,0.2356,42.3417,1.2312,347.3393,0.0775,52.8779,0.0581,359.1712,0.0269,302.0931,-0.0031,15.2521,-0.0854,195.2521,-0.0854
2024-05-10,24.1973,17.8254,3.64,50.3172,0.9668,81.3842,13.7159,7.5715,0.7658,24.1385,1.0014,56.3528,0.2357,43.5728,1.2311,347.4162,0.0763,52.9360,0.0581,359.1979,0.0265,302.0898,-0.0036,15.1630,-0.0911,195.1630,-0.0911
2024-05-11,24.1974,18.0808,3.66,51.2837,0.9663,94.8988,13.3110,8.3370,0.7652,25.1646,1.0505,56.5885,0.2358,44.8038,1.2309,347.4919,0.0751,52.9941,0.0582,359.2242,0.0261,302.0859,-0.0041,15.0726,-0.0885,195.0726,-0.0885
2024-05-12,24.1974,18.3312,3.67,52.2498,0.9658,108.0078,12.9104,9.1019,0.7646,26.2390,1.0981,56.8244,0.2359,46.0346,1.2308,347.5663,0.0738,53.0523,0.0583,359.2501,0.0257,302.0817,-0.0045,14.9884,-0.0785,194.9884,-0.0785
2024-05-13,24.1975,18.5763,3.68,53.2153,0.9653,120.7317,12.5454,9.8662,0.7639,27.3602,1.1442,57.0603,0.2359,47.2653,1.2306,347.6395,0.0725,53.1102,0.0571,359.2756,0.0252,302.0769,-0.0050,14.9195,-0.0569,194.9195,-0.0569
2024-05-14,24.1975,18.8162,3.67,54.1803,0.9648,133.1187,12.2401,10.6298,0.7633,28.5269,1.1890,57.2963,0.2360,48.4958,1.2304,347.7113,0.0712,53.1683,0.0582,359.3006,0.0248,302.0717,-0.0054,14.8782,-0.0245,194.8782,-0.0245
2024-05-15,24.1975,19.0508,3.66,55.1448,0.9643,145.2371,12.0101,11.3927,0.7626,29.7378,1.2327,57.5323,0.2360,49.7262,1.2303,347.7818,0.0699,53.2265,0.0581,359.3252,0.0244,302.0660,-0.0059,14.8697,0.0057,194.8697,0.0057
2024-05-16,24.1976,19.2800,3.64,56.1088,0.9638,157.1669,11.8637,12.1549,0.7619,30.9919,1.2754,57.7683,0.2360,50.9564,1.2301,347.8510,0.0685,53.2845,0.0580,359.3493,0.0239,302.0599,-0.0064,14.8848,0.0217,194.8848,0.0217
2024-05-17,24.1976,19.5037,3.61,57.0724,0.9633,168.9930,11.8027,12.9165,0.7612,32.2883,1.3172,58.0042,0.2360,52.1865,1.2300,347.9189,0.0672,53.3425,0.0580,359.3730,0.0235,302.0533,-0.0068,14.9086,0.0244,194.9086,0.0244
2024-05-18,24.1976,19.7218,3.57,58.0355,0.9628,180.7997,11.8239,13.6774,0.7605,33.6261,1.3583,58.2402,0.2358,53.4164,1.2299,347.9854,0.0658,53.4005,0.0579,359.3963,0.0230,302.0463,-0.0073,14.9311,0.0193,194.9311,0.0193
2024-05-19,24.1977,19.9344,3.52,58.9981,0.9624,192.6658,11.9200,14.4376,0.7599,35.0047,1.3987,58.4759,0.2358,54.6462,1.2297,348.0506,0.0645,53.4584,0.0579,359.4191,0.0226,302.0388,-0.0077,14.9440,0.0044,194.9440,0.0044
2024-05-20,24.1977,20.1412,3.46,59.9603,0.9620,204.6611,12.0801,15.1971,0.7592,36.4234,1.4387,58.7118,0.2358,55.8759,1.2296,348.1144,0.0631,53.5162,0.0578,359.4415,0.0222,302.0309,-0.0081,14.9354,-0.0237,194.9354,-0.0237
2024-05-21,24.1978,20.3423,3.39,60.9221,0.9616,216.8427,12.2900,15.9559,0.7585,37.8819,1.4782,58.9476,0.2358,57.1055,1.2295,348.1768,0.0618,53.5739,0.0577,359.4634,0.0217,302.0226,-0.0085,14.8944,-0.0585,194.8944,-0.0585
2024-05-22,24.1978,20.5376,3.31,61.8835,0.9612,229.2524,12.5332,16.7141,0.7578,39.3798,1.5175,59.1833,0.2357,58.3350,1.2295,348.2379,0.0604,53.6316,0.0576,359.4849,0.0213,302.0138,-0.0089,14.8194,-0.0906,194.8194,-0.0906
2024-05-23,24.1978,20.7270,3.23,62.8445,0.9609,241.9144,12.7917,17.4716,0.7571,40.9168,1.5565,59.4189,0.2356,59.5644,1.2294,348.2976,0.0590,53.6892,0.0575,359.5060,0.0208,302.0047,-0.0093,14.7153,-0.1166,194.7153,-0.1166
2024-05-24,24.1979,20.9105,3.14,63.8052,0.9605,254.8354,13.0485,18.2283,0.7564,42.4927,1.5953,59.6544,0.2354,60.7938,1.2293,348.3559,0.0576,53.7467,0.0574,359.5266,0.0204,301.9952,-0.0097,14.5885,-0.1355,194.5885,-0.1355
2024-05-25,24.1979,21.0880,3.04,64.7656,0.9602,268.0061,13.2890,18.9844,0.7557,44.1074,1.6340,59.8898,0.2353,62.0231,1.2293,348.4128,0.0562,53.8041,0.0573,359.5467,0.0199,301.9852,-0.0101,14.4485,-0.1417,194.4485,-0.1417
2024-05-26,24.1979,21.2595,2.93,65.7256,0.9599,281.4048,13.5034,19.7397,0.7550,45.7607,1.6726,60.1250,0.2351,63.2524,1.2293,348.4683,0.0548,53.8613,0.0572,359.5664,0.0194,301.9749,-0.0106,14.3108,-0.1308,194.3108,-0.1308
2024-05-27,24.1980,21.4249,2.81,66.6854,0.9596,295.0029,13.6875,20.4943,0.7542,47.4525,1.7111,60.3601,0.2349,64.4816,1.2292,348.5223,0.0533,53.9184,0.0570,359.5856,0.0190,301.9641,-0.0110,14.1917,-0.1054,194.1917,-0.1054
2024-05-28,24.1980,21.5841,2.68,67.6449,0.9594,308.7702,13.8426,21.2482,0.7535,49.1829,1.7495,60.5949,0.2347,65.7108,1.2292,348.5749,0.0518,53.9754,0.0569,359.6043,0.0185,301.9529,-0.0114,14.1026,-0.0718,194.1026,-0.0718
2024-05-29,24.1981,21.7371,2.55,68.6041,0.9591,322.6801,13.9736,22.0013,0.7527,50.9516,1.7878,60.8295,0.2345,66.9400,1.2291,348.6260,0.0503,54.0321,0.0567,359.6225,0.0180,301.9413,-0.0118,14.0490,-0.0355,194.0490,-0.0355
2024-05-30,24.1981,21.8838,2.41,69.5631,0.9589,336.7109,14.0850,22.7536,0.7519,52.7584,1.8259,61.0639,0.2343,68.1691,1.2291,348.6756,0.0488,54.0887,0.0565,359.6402,0.0174,301.9293,-0.0122,14.0301,-0.0040,194.0301,-0.0040
2024-05-31,24.1981,22.0242,2.26,70.5219,0.9587,350.8442,14.1783,23.5051,0.7511,54.6032,1.8636,61.2980,0.2340,69.3982,1.2291,348.7236,0.0473,54.1451,0.0563,359.6574,0.0169,301.9169,-0.0126,14.0361,0.0131,194.0361,0.0131
2024-06-01,24.1982,22.1582,2.11,71.4805,0.9584,5.0602,14.2490,24.2558,0.7503,56.4856,1.9009,61.5319,0.2337,70.6273,1.2291,348.7702,0.0458,54.2013,0.0561,359.6741,0.0164,301.9041,-0.0130,14.0496,0.0107,194.0496,0.0107
2024-06-02,24.1982,22.2857,1.95,72.4388,0.9583,19.3313,14.2865,25.0056,0.7494,58.4049,1.9375,61.7655,0.2334,71.8564,1.2291,348.8152,0.0443,54.2572,0.0559,359.6903,0.0159,301.8909,-0.0134,14.0518,-0.0089,194.0518,-0.0089
2024-06-03,24.1983,22.4068,1.78,73.3970,0.9581,33.6170,14.2753,25.7546,0.7486,60.3604,1.9732,61.9988,0.2331,73.0854,1.2290,348.8588,0.0428,54.3130,0.0557,359.7060,0.0155,301.8774,-0.0137,14.0277,-0.0410,194.0277,-0.0410
2024-06-04,24.1983,22.5213,1.60,74.3549,0.9579,47.8605,14.1998,26.5028,0.7477,62.3510,2.0077,62.2318,0.2328,74.3145,1.2301,348.9008,0.0412,54.3686,0.0554,359.7212,0.0150,301.8634,-0.0141,13.9667,-0.0824,193.9667,-0.0824
2024-06-05,24.1983,22.6293,1.42,75.3127,0.9576,61.9915,14.0492,27.2501,0.7468,64.3753,2.0406,62.4645,0.2325,75.5441,1.2289,348.9412,0.0397,54.4239,0.0552,359.7359,0.0145,301.8492,-0.0144,13.8615,-0.1277,193.8615,-0.1277
2024-06-06,24.1984,22.7306,1.24,76.2702,0.9574,75.9337,13.8229,27.9964,0.7459,66.4315,2.0716,62.6968,0.2321,76.7731,1.2290,348.9801,0.0381,54.4790,0.0550,359.7501,0.0140,301.8346,-0.0148,13.7141,-0.1646,193.7141,-0.1646
2024-06-07,24.1984,22.8253,1.05,77.2275,0.9572,89.6159,13.5323,28.7418,0.7449,68.5176,2.1001,62.9287,0.2317,78.0021,1.2290,349.0175,0.0365,54.5338,0.0547,359.7638,0.0134,301.8196,-0.0151,13.5392,-0.1812,193.5392,-0.1812
2024-06-08,24.1984,22.9133,0.85,78.1845,0.9569,102.9843,13.1996,29.4863,0.7440,70.6308,2.1259,63.1602,0.2313,79.2312,1.2290,349.0532,0.0350,54.5884,0.0544,359.7770,0.0129,301.8043,-0.0155,13.3590,-0.1760,193.3590,-0.1760
2024-06-09,24.1985,22.9945,0.65,79.1413,0.9566,116.0107,12.8533,30.2297,0.7430,72.7682,2.1484,63.3913,0.2308,80.4602,1.2290,349.0873,0.0333,54.6427,0.0541,359.7896,0.0124,301.7886,-0.0158,13.1922,-0.1555,193.1922,-0.1555
2024-06-10,24.1985,23.0690,0.45,80.0977,0.9563,128.6963,12.5227,30.9722,0.7420,74.9264,2.1673,63.6219,0.2303,81.6891,1.2289,349.1199,0.0317,54.6966,0.0538,359.8017,0.0118,301.7726,-0.0162,13.0518,-0.1236,193.0518,-0.1236
2024-06-11,24.1986,23.1367,0.25,81.0539,0.9560,141.0706,12.2348,31.7136,0.7409,77.1014,2.1821,63.8520,0.2298,82.9179,1.2288,349.1508,0.0301,54.7502,0.0535,359.8133,0.0113,301.7563,-0.0165,12.9484,-0.0820,192.9484,-0.0820
2024-06-12,24.1986,23.1976,0.04,82.0098,0.9558,153.1874,12.0109,32.4541,0.7399,79.2892,2.1927,64.0815,0.2293,84.1467,1.2288,349.1801,0.0285,54.8035,0.0531,359.8243,0.0107,301.7396,-0.0169,12.8879,-0.0401,192.8879,-0.0401
2024-06-13,24.1986,23.2516,-0.17,82.9655,0.9555,165.1187,11.8658,33.1934,0.7389,81.4854,2.1988,64.3106,0.2288,85.3755,1.2287,349.2078,0.0269,54.8565,0.0528,359.8348,0.0102,301.7226,-0.0172,12.8640,-0.0105,192.8640,-0.0105
2024-06-14,24.1987,23.2989,-0.38,83.9208,0.9552,176.9483,11.8082,33.9318,0.7378,83.6853,2.2003,64.5391,0.2282,86.6042,1.2286,349.2338,0.0252,54.9091,0.0524,359.8447,0.0097,301.7052,-0.0175,12.8616,0.0032,192.8616,0.0032
2024-06-15,24.1987,23.3392,-0.60,84.8759,0.9550,188.7654,11.8409,34.6691,0.7368,85.8843,2.1971,64.7671,0.2277,87.8328,1.2286,349.2582,0.0236,54.9614,0.0521,359.8541,0.0091,301.6876,-0.0178,12.8659,0.0032,192.8659,0.0032
2024-06-16,24.1988,23.3727,-0.81,85.8308,0.9548,200.6595,11.9616,35.4054,0.7358,88.0780,2.1895,64.9945,0.2271,89.0614,1.2286,349.2810,0.0220,55.0133,0.0517,359.8629,0.0086,301.6696,-0.0181,12.8631,-0.0117,192.8631,-0.0117
2024-06-17,24.1988,23.3993,-1.03,86.7854,0.9545,212.7153,12.1624,36.1406,0.7347,90.2619,2.1776,65.2213,0.2265,90.2899,1.2285,349.3022,0.0204,55.0648,0.0514,359.8713,0.0081,301.6514,-0.0184,12.8366,-0.0440,192.8366,-0.0440
2024-06-18,24.1988,23.4190,-1.24,87.7399,0.9543,225.0066,12.4296,36.8748,0.7337,92.4319,2.1618,65.4475,0.2259,91.5184,1.2285,349.3217,0.0187,55.1160,0.0510,359.8791,0.0075,301.6329,-0.0186,12.7717,-0.0866,192.7717,-0.0866
2024-06-19,24.1989,23.4318,-1.46,88.6941,0.9542,237.5901,12.7432,37.6080,0.7326,94.5842,2.1424,65.6731,0.2253,92.7469,1.2285,349.3396,0.0171,55.1668,0.0506,359.8864,0.0070,301.6142,-0.0189,12.6637,-0.1286,192.6637,-0.1286
2024-06-20,24.1989,23.4378,-1.68,89.6482,0.9540,250.5002,13.0780,38.3401,0.7316,96.7155,2.1198,65.8980,0.2246,93.9754,1.2285,349.3559,0.0155,55.2172,0.0502,359.8931,0.0065,301.5951,-0.0191,12.5165,-0.1648,192.5165,-0.1648
2024-06-21,24.1989,23.4368,-1.90,90.6022,0.9539,263.7437,13.4052,39.0711,0.7305,98.8228,2.0944,66.1224,0.2240,95.2039,1.2285,349.3706,0.0138,55.2672,0.0498,359.8994,0.0060,301.5759,-0.0194,12.3371,-0.1916,192.3371,-0.1916
2024-06-22,24.1990,23.4291,-2.11,91.5560,0.9538,277.2990,13.6970,39.8011,0.7295,100.9035,2.0667,66.3460,0.2233,96.4324,1.2285,349.3836,0.0122,55.3169,0.0494,359.9051,0.0054,301.5564,-0.0196,12.1394,-0.1997,192.1394,-0.1997
2024-06-23,24.1990,23.4144,-2.33,92.5097,0.9537,291.1182,13.9303,40.5301,0.7284,102.9555,2.0370,66.5690,0.2226,97.6608,1.2285,349.3950,0.0105,55.3660,0.0490,359.9102,0.0049,301.5366,-0.0199,11.9464,-0.1824,191.9464,-0.1824
2024-06-24,24.1991,23.3929,-2.54,93.4634,0.9536,305.1357,14.0921,41.2579,0.7273,104.9771,2.0058,66.7912,0.2219,98.8893,1.2285,349.4047,0.0089,55.4148,0.0485,359.9148,0.0043,301.5166,-0.0201,11.7809,-0.1465,191.7809,-0.1465
2024-06-25,24.1991,23.3645,-2.75,94.4169,0.9535,319.2783,14.1816,41.9847,0.7262,106.9667,1.9734,67.0127,0.2211,100.1178,1.2285,349.4127,0.0072,55.4631,0.0481,359.9189,0.0038,301.4963,-0.0204,11.6553,-0.1047,191.6553,-0.1047
2024-06-26,24.1991,23.3293,-2.96,95.3705,0.9535,333.4780,14.2087,42.7103,0.7251,108.9235,1.9400,67.2334,0.2203,101.3463,1.2285,349.4190,0.0055,55.5109,0.0476,359.9224,0.0032,301.4758,-0.0206,11.5712,-0.0639,191.5712,-0.0639
2024-06-27,24.1992,23.2873,-3.16,96.3240,0.9535,347.6804,14.1899,43.4349,0.7240,110.8465,1.9059,67.4533,0.2195,102.5749,1.2286,349.4237,0.0038,55.5583,0.0471,359.9253,0.0027,301.4550,-0.0209,11.5261,-0.0274,191.5261,-0.0274
2024-06-28,24.1992,23.2385,-3.37,97.2775,0.9535,1.8482,14.1419,44.1583,0.7228,112.7351,1.8713,67.6725,0.2187,103.8034,1.2286,349.4267,0.0022,55.6051,0.0466,359.9277,0.0021,301.4341,-0.0211,11.5122,-0.0037,191.5122,-0.0037
2024-06-29,24.1992,23.1828,-3.57,98.2311,0.9536,15.9586,14.0767,44.8805,0.7217,114.5890,1.8364,67.8908,0.2179,105.0321,1.2287,349.4280,0.0005,55.6515,0.0462,359.9295,0.0016,301.4129,-0.0213,11.5113,-0.0022,191.5113,-0.0022
2024-06-30,24.1993,23.1204,-3.77,99.1847,0.9536,29.9975,13.9988,45.6016,0.7205,116.4079,1.8013,68.1084,0.2171,106.2608,1.2287,349.4277,-0.0012,55.6974,0.0457,359.9308,0.0010,301.3915,-0.0215,11.5002,-0.0233,191.5002,-0.0233
2024-07-01,24.1993,23.0512,-3.96,100.1383,0.9537,43.9509,13.9049,46.3215,0.7193,118.1916,1.7660,68.3250,0.2163,107.4896,1.2288,349.4257,-0.0028,55.7429,0.0452,359.9316,0.0005,301.3699,-0.0216,11.4598,-0.0592,191.4598,-0.0592
2024-07-02,24.1994,22.9753,-4.15,101.0920,0.9537,57.7992,13.7867,47.0402,0.7181,119.9399,1.7307,68.5409,0.2154,108.7185,1.2289,349.4220,-0.0045,55.7878,0.0447,359.9318,-0.0000,301.3482,-0.0218,11.3792,-0.1030,191.3792,-0.1030
2024-07-03,24.1994,22.8927,-4.33,102.0458,0.9538,71.5131,13.6345,47.7577,0.7169,121.6528,1.6952,68.7558,0.2145,109.9474,1.2289,349.4167,-0.0061,55.8322,0.0442,359.9315,-0.0006,301.3263,-0.0220,11.2525,-0.1504,191.2525,-0.1504
2024-07-04,24.1994,22.8035,-4.51,102.9996,0.9538,85.0549,13.4423,48.4739,0.7156,123.3303,1.6597,68.9698,0.2135,111.1763,1.2290,349.4098,-0.0078,55.8761,0.0436,359.9307,-0.0011,301.3043,-0.0221,11.0804,-0.1916,191.0804,-0.1916
2024-07-05,24.1995,22.7076,-4.68,103.9534,0.9538,98.3845,13.2107,49.1888,0.7143,124.9722,1.6241,69.1828,0.2126,112.4053,1.2290,349.4011,-0.0095,55.9195,0.0431,359.9293,-0.0016,301.2820,-0.0223,10.8758,-0.2134,190.8758,-0.2134
2024-07-06,24.1995,22.6051,-4.85,104.9072,0.9538,111.4664,12.9489,49.9025,0.7130,126.5785,1.5884,69.3949,0.2116,113.6343,1.2290,349.3908,-0.0111,55.9623,0.0425,359.9274,-0.0022,301.2597,-0.0224,10.6618,-0.2108,190.6618,-0.2108
2024-07-07,24.1996,22.4962,-5.01,105.8611,0.9538,124.2777,12.6728,50.6148,0.7116,128.1490,1.5525,69.6059,0.2105,114.8634,1.2290,349.3789,-0.0128,56.0046,0.0419,359.9249,-0.0028,301.2372,-0.0226,10.4602,-0.1901,190.4602,-0.1901
2024-07-08,24.1996,22.3807,-5.17,106.8149,0.9538,136.8141,12.4029,51.3257,0.7103,129.6835,1.5164,69.8160,0.2095,116.0923,1.2290,349.3653,-0.0144,56.0462,0.0414,359.9219,-0.0033,301.2145,-0.0227,10.2857,-0.1569,190.2857,-0.1569
2024-07-09,24.1996,22.2588,-5.32,107.7687,0.9538,149.0930,12.1612,52.0353,0.7089,131.1818,1.4801,70.0249,0.2084,117.3213,1.2290,349.3500,-0.0161,56.0873,0.0408,359.9183,-0.0039,301.1917,-0.0229,10.1499,-0.1132,190.1499,-0.1132
2024-07-10,24.1997,22.1305,-5.46,108.7224,0.9538,161.1531,11.9685,52.7434,0.7075,132.6435,1.4434,70.2328,0.2073,118.5503,1.2289,349.3331,-0.0177,56.1277,0.0402,359.9142,-0.0044,301.1687,-0.0230,10.0607,-0.0657,190.0607,-0.0657
2024-07-11,24.1997,21.9959,-5.59,109.6762,0.9537,173.0522,11.8420,53.4502,0.7061,134.0684,1.4062,70.4395,0.2062,119.7792,1.2289,349.3145,-0.0194,56.1676,0.0396,359.9095,-0.0049,301.1457,-0.0231,10.0153,-0.0275,190.0153,-0.0275
2024-07-12,24.1997,21.8550,-5.71,110.6299,0.9537,184.8636,11.7948,54.1556,0.7047,135.4558,1.3685,70.6451,0.2051,121.0080,1.2289,349.2944,-0.0210,56.2069,0.0389,359.9043,-0.0055,301.1225,-0.0232,10.0003,-0.0051,190.0003,-0.0051
2024-07-13,24.1998,21.7078,-5.83,111.5837,0.9537,196.6711,11.8352,54.8596,0.7033,136.8052,1.3302,70.8496,0.2039,122.2369,1.2288,349.2726,-0.0226,56.2455,0.0383,359.8986,-0.0060,301.0993,-0.0233,10.0003,0.0028,190.0003,0.0028
2024-07-14,24.1998,21.5545,-5.94,112.5374,0.9538,208.5645,11.9668,55.5622,0.7019,138.1160,1.2912,71.0529,0.2027,123.4657,1.2288,349.2493,-0.0241,56.2835,0.0377,359.8923,-0.0065,301.0759,-0.0234,10.0009,-0.0048,190.0009,-0.0048
2024-07-15,24.1999,21.3951,-6.04,113.4912,0.9538,220.6346,12.1876,56.2634,0.7005,139.3873,1.2513,71.2551,0.2016,124.6944,1.2287,349.2244,-0.0257,56.3209,0.0371,359.8856,-0.0070,301.0525,-0.0234,9.9844,-0.0313,189.9844,-0.0313
2024-07-16,24.1999,21.2296,-6.13,114.4450,0.9538,232.9667,12.4887,56.9632,0.6991,140.6182,1.2104,71.4560,0.2004,125.9232,1.2287,349.1979,-0.0272,56.3577,0.0365,359.8783,-0.0075,301.0291,-0.0235,9.9336,-0.0717,189.9336,-0.0717
2024-07-17,24.1999,21.0582,-6.21,115.3988,0.9539,245.6332,12.8528,57.6616,0.6977,141.8077,1.1684,71.6558,0.1991,127.1519,1.2287,349.1699,-0.0288,56.3939,0.0359,359.8706,-0.0080,301.0056,-0.0235,9.8407,-0.1135,189.8407,-0.1135
2024-07-18,24.2000,20.8808,-6.28,116.3528,0.9540,258.6848,13.2539,58.3586,0.6963,142.9545,1.1251,71.8543,0.1979,128.3805,1.2286,349.1404,-0.0303,56.4294,0.0352,359.8623,-0.0085,300.9821,-0.0235,9.7090,-0.1484,189.7090,-0.1484
2024-07-19,24.2000,20.6976,-6.35,117.3068,0.9540,272.1421,13.6578,59.0541,0.6948,144.0575,1.0805,72.0516,0.1966,129.6091,1.2286,349.1093,-0.0318,56.4643,0.0346,359.8536,-0.0090,300.9586,-0.0236,9.5470,-0.1735,189.5470,-0.1735
2024-07-20,24.2001,20.5086,-6.40,118.2609,0.9541,285.9886,14.0257,59.7482,0.6934,145.1150,1.0343,72.2475,0.1953,130.8377,1.2286,349.0768,-0.0333,56.4985,0.0339,359.8444,-0.0095,300.9350,-0.0236,9.3670,-0.1830,189.3670,-0.1830
2024-07-21,24.2001,20.3139,-6.44,119.2151,0.9543,300.1692,14.3203,60.4409,0.6919,146.1255,0.9865,72.4422,0.1940,132.0662,1.2285,349.0427,-0.0348,56.5321,0.0332,359.8346,-0.0100,300.9114,-0.0236,9.1882,-0.1708,189.1882,-0.1708
2024-07-22,24.2001,20.1136,-6.48,120.1694,0.9544,314.5956,14.5139,61.1321,0.6905,147.0873,0.9368,72.6355,0.1926,133.2947,1.2285,349.0072,-0.0363,56.5650,0.0325,359.8243,-0.0105,300.8877,-0.0237,9.0318,-0.1393,189.0318,-0.1393
2024-07-23,24.2002,19.9077,-6.50,121.1239,0.9546,329.1594,14.5949,61.8218,0.6890,147.9985,0.8851,72.8274,0.1912,134.5232,1.2284,348.9701,-0.0378,56.5971,0.0318,359.8136,-0.0110,300.8641,-0.0237,8.9130,-0.0976,188.9130,-0.0976
2024-07-24,24.2002,19.6962,-6.52,122.0786,0.9548,343.7499,14.5700,62.5101,0.6875,148.8568,0.8313,73.0180,0.1898,135.7516,1.2284,348.9316,-0.0393,56.6286,0.0311,359.8023,-0.0115,300.8404,-0.0237,8.8371,-0.0547,188.8371,-0.0547
2024-07-25,24.2002,19.4793,-6.53,123.0335,0.9550,358.2711,14.4605,63.1968,0.6860,149.6603,0.7752,73.2071,0.1884,136.9800,1.2284,348.8916,-0.0407,56.6593,0.0304,359.7905,-0.0120,300.8167,-0.0237,8.8014,-0.0183,188.8014,-0.0183
2024-07-26,24.2003,19.2570,-6.52,123.9887,0.9553,12.6519,14.2938,63.8821,0.6845,150.4063,0.7166,73.3948,0.1870,138.2083,1.2284,348.8502,-0.0421,56.6894,0.0297,359.7783,-0.0125,300.7930,-0.0237,8.7959,0.0044,188.7959,0.0044
2024-07-27,24.2003,19.0294,-6.51,124.9441,0.9556,26.8485,14.0963,64.5658,0.6830,151.0925,0.6554,73.5811,0.1855,139.4367,1.2284,348.8073,-0.0435,56.7187,0.0290,359.7655,-0.0130,300.7694,-0.0236,8.8040,0.0085,188.8040,0.0085
2024-07-28,24.2004,18.7965,-6.48,125.8998,0.9559,40.8409,13.8876,65.2480,0.6814,151.7162,0.5914,73.7659,0.1841,140.6651,1.2284,348.7631,-0.0449,56.7474,0.0283,359.7524,-0.0134,300.7458,-0.0236,8.8063,-0.0072,188.8063,-0.0072
2024-07-29,24.2004,18.5585,-6.45,126.8559,0.9562,54.6240,13.6790,65.9287,0.6799,152.2744,0.5246,73.9492,0.1826,141.8936,1.2284,348.7176,-0.0462,56.7753,0.0276,359.7387,-0.0139,300.7223,-0.0235,8.7841,-0.0394,188.7841,-0.0394
2024-07-30,24.2004,18.3153,-6.41,127.8123,0.9565,68.2001,13.4738,66.6077,0.6782,152.7643,0.4547,74.1310,0.1810,143.1220,1.2285,348.6706,-0.0476,56.8026,0.0269,359.7246,-0.0143,300.6988,-0.0234,8.7245,-0.0806,188.7245,-0.0806
2024-07-31,24.2005,18.0671,-6.36,128.7689,0.9568,81.5722,13.2701,67.2851,0.6766,153.1828,0.3818,74.3112,0.1794,144.3505,1.2285,348.6224,-0.0489,56.8290,0.0261,359.7101,-0.0148,300.6754,-0.0234,8.6233,-0.1208,188.6233,-0.1208
2024-08-01,24.2005,17.8140,-6.29,129.7259,0.9571,94.7396,13.0639,67.9609,0.6749,153.5269,0.3059,74.4898,0.1778,145.5789,1.2284,348.5728,-0.0502,56.8548,0.0254,359.6951,-0.0152,300.6521,-0.0233,8.4864,-0.1506,188.4864,-0.1506
2024-08-02,24.2005,17.5560,-6.22,130.6831,0.9574,107.6982,12.8525,68.6350,0.6732,153.7936,0.2270,74.6669,0.1762,146.8074,1.2284,348.5220,-0.0515,56.8798,0.0246,359.6797,-0.0157,300.6288,-0.0232,8.3275,-0.1643,188.3275,-0.1643
2024-08-03,24.2006,17.2933,-6.14,131.6406,0.9576,120.4431,12.6368,69.3073,0.6715,153.9799,0.1452,74.8422,0.1745,148.0357,1.2283,348.4698,-0.0528,56.9040,0.0238,359.6638,-0.0161,300.6056,-0.0231,8.1629,-0.1627,188.1629,-0.1627
2024-08-04,24.2006,17.0259,-6.05,132.5984,0.9579,132.9722,12.4221,69.9779,0.6697,154.0831,0.0609,75.0158,0.1728,149.2640,1.2283,348.4164,-0.0540,56.9274,0.0230,359.6474,-0.0166,300.5826,-0.0230,8.0057,-0.1500,188.0057,-0.1500
2024-08-05,24.2007,16.7539,-5.94,133.5564,0.9581,145.2909,12.2179,70.6468,0.6679,154.1008,-0.0257,75.1877,0.1710,150.4923,1.2282,348.3618,-0.0552,56.9501,0.0223,359.6306,-0.0170,300.5596,-0.0230,7.8663,-0.1268,187.8663,-0.1268
2024-08-06,24.2007,16.4774,-5.83,134.5146,0.9584,157.4158,12.0367,71.3138,0.6661,154.0312,-0.1138,75.3579,0.1693,151.7204,1.2281,348.3059,-0.0564,56.9720,0.0215,359.6134,-0.0174,300.5367,-0.0228,7.7562,-0.0914,187.7562,-0.0914
2024-08-07,24.2007,16.1965,-5.71,135.4731,0.9586,169.3769,11.8927,71.9790,0.6643,153.8728,-0.2029,75.5263,0.1675,152.9485,1.2280,348.2489,-0.0576,56.9930,0.0207,359.5958,-0.0179,300.5139,-0.0227,7.6857,-0.0495,187.6857,-0.0495
2024-08-08,24.2008,15.9112,-5.58,136.4319,0.9589,181.2185,11.8002,72.6424,0.6625,153.6253,-0.2921,75.6928,0.1657,154.1764,1.2279,348.1908,-0.0587,57.0133,0.0199,359.5777,-0.0183,300.4912,-0.0226,7.6551,-0.0139,187.6551,-0.0139
2024-08-09,24.2008,15.6217,-5.43,137.3909,0.9591,192.9989,11.7724,73.3039,0.6606,153.2890,-0.3802,75.8576,0.1638,155.4043,1.2278,348.1316,-0.0598,57.0328,0.0191,359.5592,-0.0187,300.4687,-0.0224,7.6535,0.0087,187.6535,0.0087
2024-08-10,24.2009,15.3281,-5.28,138.3501,0.9594,204.7884,11.8200,73.9636,0.6587,152.8658,-0.4658,76.0205,0.1620,156.6320,1.2277,348.0712,-0.0608,57.0515,0.0183,359.5404,-0.0191,300.4463,-0.0223,7.6690,0.0208,187.6690,0.0208
2024-08-11,24.2009,15.0304,-5.12,139.3096,0.9596,216.6668,11.9510,74.6214,0.6569,152.3587,-0.5476,76.1815,0.1601,157.8596,1.2275,348.0099,-0.0619,57.0694,0.0175,359.5211,-0.0194,300.4241,-0.0221,7.6917,0.0224,187.6917,0.0224
2024-08-12,24.2009,14.7287,-4.95,140.2693,0.9599,228.7195,12.1689,75.2773,0.6550,151.7724,-0.6237,76.3406,0.1582,159.0870,1.2274,347.9475,-0.0628,57.0865,0.0167,359.5015,-0.0198,300.4021,-0.0219,7.7081,0.0071,187.7081,0.0071
2024-08-13,24.2010,14.4231,-4.77,141.2293,0.9601,241.0330,12.4715,75.9314,0.6531,151.1136,-0.6924,76.4978,0.1562,160.3144,1.2273,347.8842,-0.0638,57.1029,0.0159,359.4815,-0.0201,300.3803,-0.0217,7.7005,-0.0241,187.7005,-0.0241
2024-08-14,24.2010,14.1138,-4.58,142.1896,0.9604,253.6874,12.8484,76.5835,0.6512,150.3907,-0.7517,76.6531,0.1543,161.5416,1.2271,347.8200,-0.0647,57.1184,0.0151,359.4612,-0.0205,300.3586,-0.0215,7.6590,-0.0582,187.6590,-0.0582
2024-08-15,24.2010,13.8007,-4.38,143.1502,0.9607,266.7482,13.2799,77.2338,0.6493,149.6140,-0.7997,76.8064,0.1523,162.7686,1.2269,347.7548,-0.0656,57.1331,0.0143,359.4406,-0.0208,300.3372,-0.0213,7.5872,-0.0834,187.5872,-0.0834
2024-08-16,24.2011,13.4841,-4.17,144.1110,0.9610,280.2553,13.7350,77.8821,0.6473,148.7957,-0.8345,76.9576,0.1503,163.9954,1.2268,347.6888,-0.0665,57.1471,0.0135,359.4196,-0.0212,300.3160,-0.0211,7.4958,-0.0979,187.4958,-0.0979
2024-08-17,24.2011,13.1639,-3.95,145.0722,0.9613,294.2128,14.1733,78.5284,0.6454,147.9498,-0.8547,77.1069,0.1482,165.2221,1.2266,347.6219,-0.0673,57.1602,0.0127,359.3982,-0.0215,300.2949,-0.0209,7.3943,-0.1035,187.3943,-0.1035
2024-08-18,24.2012,12.8402,-3.72,146.0336,0.9616,308.5812,14.5491,79.1728,0.6434,147.0918,-0.8588,77.2541,0.1461,166.4486,1.2264,347.5542,-0.0681,57.1724,0.0119,359.3765,-0.0219,300.2741,-0.0207,7.2919,-0.0996,187.2919,-0.0996
2024-08-19,24.2012,12.5132,-3.49,146.9954,0.9619,323.2760,14.8198,79.8152,0.6414,146.2380,-0.8459,77.3991,0.1440,167.6749,1.2262,347.4857,-0.0689,57.1839,0.0110,359.3545,-0.0222,300.2535,-0.0205,7.1986,-0.0852,187.1986,-0.0852
2024-08-20,24.2012,12.1829,-3.25,147.9575,0.9623,338.1760,14.9564,80.4557,0.6394,145.4057,-0.8158,77.5421,0.1419,168.9010,1.2260,347.4164,-0.0697,57.1945,0.0102,359.3321,-0.0225,300.2331,-0.0203,7.1251,-0.0599,187.1251,-0.0599
2024-08-21,24.2013,11.8495,-3.00,148.9200,0.9627,353.1413,14.9508,81.0941,0.6374,144.6122,-0.7684,77.6829,0.1397,170.1269,1.2259,347.3464,-0.0704,57.2042,0.0093,359.3094,-0.0229,300.2128,-0.0201,7.0812,-0.0274,187.0812,-0.0274
2024-08-22,24.2013,11.5128,-2.74,149.8830,0.9632,8.0345,14.8164,81.7305,0.6354,143.8744,-0.7044,77.8215,0.1375,171.3527,1.2257,347.2757,-0.0711,57.2131,0.0085,359.2864,-0.0232,300.1929,-0.0198,7.0691,0.0015,187.0691,0.0015
2024-08-23,24.2014,11.1732,-2.47,150.8463,0.9636,22.7409,14.5827,82.3648,0.6333,143.2086,-0.6248,77.9579,0.1353,172.5784,1.2256,347.2043,-0.0717,57.2212,0.0077,359.2631,-0.0234,300.1731,-0.0196,7.0796,0.0170,187.0796,0.0170
2024-08-24,24.2014,10.8305,-2.20,151.8102,0.9641,37.1789,14.2858,82.9971,0.6312,142.6296,-0.5310,78.0921,0.1331,173.8039,1.2255,347.1323,-0.0723,57.2285,0.0069,359.2395,-0.0237,300.1537,-0.0193,7.0990,0.0204,187.0990,0.0204
2024-08-25,24.2014,10.4850,-1.93,152.7746,0.9646,51.3028,13.9597,83.6273,0.6291,142.1506,-0.4249,78.2241,0.1308,175.0293,1.2253,347.0598,-0.0728,57.2350,0.0060,359.2157,-0.0240,300.1345,-0.0190,7.1182,0.0167,187.1182,0.0167
2024-08-26,24.2015,10.1366,-1.64,153.7395,0.9652,65.0977,13.6315,84.2553,0.6270,141.7832,-0.3083,78.3537,0.1285,176.2546,1.2252,346.9867,-0.0733,57.2406,0.0052,359.1916,-0.0242,300.1156,-0.0187,7.1291,0.0027,187.1291,0.0027
2024-08-27,24.2015,9.7855,-1.35,154.7049,0.9657,78.5714,13.3196,84.8812,0.6248,141.5368,-0.1833,78.4811,0.1262,177.4797,1.2251,346.9131,-0.0738,57.2454,0.0044,359.1672,-0.0245,300.0970,-0.0185,7.1191,-0.0244,187.1191,-0.0244
2024-08-28,24.2015,9.4319,-1.05,155.6708,0.9662,91.7457,13.0336,85.5048,0.6225,141.4188,-0.0519,78.6061,0.1238,178.7048,1.2250,346.8390,-0.0743,57.2494,0.0035,359.1426,-0.0247,300.0787,-0.0182,7.0792,-0.0544,187.0792,-0.0544
2024-08-29,24.2016,9.0756,-0.75,156.6373,0.9667,104.6486,12.7771,86.1262,0.6202,141.4346,0.0840,78.7287,0.1214,179.9297,1.2248,346.7645,-0.0747,57.2525,0.0027,359.1178,-0.0250,300.0607,-0.0179,7.0144,-0.0725,187.0144,-0.0725
2024-08-30,24.2016,8.7170,-0.45,157.6042,0.9672,117.3096,12.5495,86.7452,0.6179,141.5877,0.2224,78.8488,0.1189,181.1544,1.2247,346.6896,-0.0751,57.2548,0.0018,359.0927,-0.0252,300.0429,-0.0176,6.9392,-0.0758,186.9392,-0.0758
2024-08-31,24.2017,8.3560,-0.13,158.5716,0.9676,129.7567,12.3489,87.3619,0.6155,141.8797,0.3617,78.9665,0.1164,182.3790,1.2245,346.6143,-0.0755,57.2562,0.0010,359.0674,-0.0254,300.0255,-0.0173,6.8649,-0.0724,186.8649,-0.0724
2024-09-01,24.2017,7.9927,0.18,159.5395,0.9681,142.0161,12.1741,87.9762,0.6130,142.3107,0.5000,79.0816,0.1139,183.6034,1.2243,346.5387,-0.0758,57.2567,0.0001,359.0418,-0.0257,300.0084,-0.0170,6.7947,-0.0679,186.7947,-0.0679
2024-09-02,24.2017,7.6273,0.51,160.5078,0.9686,154.1137,12.0254,88.5880,0.6106,142.8791,0.6361,79.1943,0.1113,184.8276,1.2241,346.4628,-0.0760,57.2564,-0.0007,359.0160,-0.0259,299.9915,-0.0167,6.7307,-0.0586,186.7307,-0.0586
2024-09-03,24.2018,7.2598,0.83,161.4766,0.9690,166.0765,11.9054,89.1973,0.6081,143.5818,0.7685,79.3043,0.1087,186.0517,1.2239,346.3866,-0.0763,57.2552,-0.0016,358.9900,-0.0261,299.9750,-0.0164,6.6807,-0.0398,186.6807,-0.0398
2024-09-04,24.2018,6.8904,1.16,162.4459,0.9695,177.9356,11.8188,89.8041,0.6055,144.4145,0.8960,79.4117,0.1061,187.2755,1.2237,346.3103,-0.0764,57.2532,-0.0024,358.9639,-0.0263,299.9588,-0.0160,6.6530,-0.0155,186.6530,-0.0155
2024-09-05,24.2018,6.5191,1.50,163.4156,0.9699,189.7276,11.7726,90.4084,0.6030,145.3718,1.0175,79.5165,0.1035,188.4991,1.2235,346.2338,-0.0766,57.2504,-0.0033,358.9375,-0.0264,299.9430,-0.0157,6.6481,0.0043,186.6481,0.0043
2024-09-06,24.2019,6.1460,1.84,164.3858,0.9704,201.4971,11.7752,91.0101,0.6004,146.4473,1.1321,79.6187,0.1008,189.7225,1.2233,346.1572,-0.0766,57.2467,-0.0041,358.9110,-0.0266,299.9275,-0.0153,6.6588,0.0158,186.6588,0.0158
2024-09-07,24.2019,5.7713,2.18,165.3564,0.9708,213.2973,11.8355,91.6091,0.5978,147.6334,1.2389,79.7182,0.0982,190.9457,1.2230,346.0805,-0.0767,57.2421,-0.0049,358.8844,-0.0267,299.9123,-0.0150,6.6787,0.0240,186.6787,0.0240
2024-09-08,24.2020,5.3949,2.52,166.3275,0.9713,225.1901,11.9617,92.2056,0.5951,148.9223,1.3373,79.8150,0.0954,192.1686,1.2228,346.0038,-0.0767,57.2368,-0.0058,358.8576,-0.0268,299.8975,-0.0146,6.7063,0.0303,186.7063,0.0303
2024-09-09,24.2020,5.0171,2.87,167.2990,0.9717,237.2448,12.1603,92.7993,0.5924,150.3051,1.4268,79.9091,0.0927,193.3913,1.2225,345.9272,-0.0766,57.2306,-0.0066,358.8307,-0.0270,299.8832,-0.0142,6.7361,0.0271,186.7361,0.0271
2024-09-10,24.2020,4.6379,3.22,168.2709,0.9722,249.5359,12.4344,93.3904,0.5897,151.7728,1.5071,80.0004,0.0899,194.6137,1.2223,345.8506,-0.0765,57.2236,-0.0074,358.8037,-0.0271,299.8691,-0.0138,6.7559,0.0107,186.7559,0.0107
2024-09-11,24.2021,4.2574,3.57,169.2433,0.9726,262.1380,12.7814,93.9788,0.5870,153.3162,1.5781,80.0890,0.0872,195.8358,1.2220,345.7741,-0.0764,57.2158,-0.0082,358.7766,-0.0272,299.8555,-0.0134,6.7562,-0.0094,186.7562,-0.0094
2024-09-12,24.2021,3.8757,3.93,170.2161,0.9730,275.1197,13.1910,94.5643,0.5842,154.9259,1.6398,80.1747,0.0843,197.0577,1.2217,345.6978,-0.0762,57.2072,-0.0090,358.7494,-0.0272,299.8423,-0.0130,6.7398,-0.0216,186.7398,-0.0216
2024-09-13,24.2022,3.4928,4.28,171.1894,0.9735,288.5343,13.6429,95.1471,0.5814,156.5928,1.6926,80.2576,0.0815,198.2792,1.2214,345.6217,-0.0760,57.1978,-0.0098,358.7221,-0.0273,299.8294,-0.0127,6.7160,-0.0250,186.7160,-0.0250
2024-09-14,24.2022,3.1090,4.64,172.1631,0.9739,302.4093,14.1056,95.7271,0.5785,158.3082,1.7368,80.3377,0.0786,199.5004,1.2211,345.5458,-0.0758,57.1875,-0.0107,358.6947,-0.0274,299.8170,-0.0123,6.6910,-0.0246,186.6910,-0.0246
2024-09-15,24.2022,2.7242,5.00,173.1372,0.9743,316.7352,14.5369,96.3042,0.5756,160.0636,1.7729,80.4148,0.0757,200.7213,1.2207,345.4701,-0.0755,57.1764,-0.0115,358.6673,-0.0275,299.8049,-0.0119,6.6673,-0.0227,186.6673,-0.0227
2024-09-16,24.2023,2.3386,5.36,174.1118,0.9748,331.4571,14.8898,96.8783,0.5727,161.8515,1.8016,80.4891,0.0728,201.9419,1.2204,345.3947,-0.0752,57.1645,-0.0123,358.6397,-0.0276,299.7932,-0.0115,6.6460,-0.0196,186.6460,-0.0196
2024-09-17,24.2023,1.9523,5.72,175.0868,0.9753,346.4740,15.1205,97.4496,0.5698,163.6647,1.8236,80.5604,0.0698,203.1621,1.2200,345.3197,-0.0749,57.1518,-0.0131,358.6121,-0.0276,299.7819,-0.0111,6.6288,-0.0142,186.6288,-0.0142
2024-09-18,24.2023,1.5652,6.08,176.0624,0.9758,1.6474,15.1996,98.0179,0.5668,165.4968,1.8396,80.6287,0.0668,204.3820,1.2197,345.2450,-0.0745,57.1383,-0.0139,358.5845,-0.0277,299.7709,-0.0107,6.6193,-0.0040,186.6193,-0.0040
2024-09-19,24.2024,1.1776,6.43,177.0385,0.9764,16.8199,15.1194,98.5832,0.5638,167.3422,1.8503,80.6940,0.0639,205.6015,1.2194,345.1707,-0.0741,57.1240,-0.0147,358.5568,-0.0277,299.7604,-0.0103,6.6212,0.0070,186.6212,0.0070
2024-09-20,24.2024,0.7895,6.79,178.0152,0.9770,31.8383,14.8959,99.1454,0.5607,169.1959,1.8564,80.7564,0.0609,206.8208,1.2192,345.0969,-0.0736,57.1089,-0.0155,358.5292,-0.0277,299.7503,-0.0099,6.6303,0.0093,186.6303,0.0093
2024-09-21,24.2025,0.4009,7.15,178.9925,0.9776,46.5752,14.5632,99.7046,0.5576,171.0537,1.8585,80.8157,0.0578,208.0398,1.2189,345.0235,-0.0731,57.0931,-0.0162,358.5015,-0.0277,299.7407,-0.0094,6.6372,0.0041,186.6372,0.0041
2024-09-22,24.2025,0.0119,7.50,179.9704,0.9782,60.9426,14.1642,100.2607,0.5545,172.9119,1.8573,80.8720,0.0548,209.2586,1.2186,344.9508,-0.0725,57.0765,-0.0170,358.4738,-0.0276,299.7315,-0.0090,6.6401,0.0032,186.6401,0.0032
2024-09-23,24.2025,-0.3773,7.85,180.9489,0.9789,74.8957,13.7413,100.8136,0.5512,174.7673,1.8532,80.9253,0.0517,210.4771,1.2184,344.8785,-0.0719,57.0591,-0.0177,358.4462,-0.0276,299.7227,-0.0085,6.6456,0.0077,186.6456,0.0077
2024-09-24,24.2026,-0.7666,8.20,181.9281,0.9795,88.4291,13.3296,101.3631,0.5479,176.6175,1.8468,80.9754,0.0485,211.6954,1.2181,344.8069,-0.0713,57.0410,-0.0185,358.4186,-0.0276,299.7144,-0.0081,6.6533,0.0060,186.6533,0.0060
2024-09-25,24.2026,-1.1561,8.55,182.9079,0.9801,101.5669,12.9536,101.9093,0.5445,178.4602,1.8384,81.0223,0.0454,212.9133,1.2178,344.7360,-0.0706,57.0222,-0.0193,358.3911,-0.0275,299.7065,-0.0077,6.6549,-0.0032,186.6549,-0.0032
2024-09-26,24.2027,-1.5455,8.89,183.8884,0.9807,114.3533,12.6281,102.4521,0.5410,180.2938,1.8285,81.0661,0.0422,214.1310,1.2176,344.6657,-0.0700,57.0025,-0.0200,358.3635,-0.0275,299.6990,-0.0072,6.6486,-0.0078,186.6486,-0.0078
2024-09-27,24.2027,-1.9348,9.23,184.8694,0.9814,126.8421,12.3591,102.9913,0.5375,182.1169,1.8174,81.1067,0.0390,215.3485,1.2173,344.5961,-0.0692,56.9821,-0.0208,358.3360,-0.0275,299.6920,-0.0068,6.6428,-0.0025,186.6428,-0.0025
2024-09-28,24.2027,-2.3238,9.56,185.8511,0.9820,139.0904,12.1467,103.5270,0.5338,183.9283,1.8054,81.1441,0.0357,216.5656,1.2170,344.5272,-0.0685,56.9610,-0.0215,358.3086,-0.0274,299.6854,-0.0064,6.6438,0.0038,186.6438,0.0038
2024-09-29,24.2028,-2.7125,9.89,186.8333,0.9826,151.1535,11.9878,104.0590,0.5301,185.7274,1.7926,81.1782,0.0325,217.7825,1.2167,344.4591,-0.0677,56.9391,-0.0223,358.2812,-0.0273,299.6793,-0.0059,6.6481,0.0038,186.6481,0.0038
2024-09-30,24.2028,-3.1008,10.22,187.8162,0.9831,163.0822,11.8772,104.5872,0.5264,187.5135,1.7794,81.2090,0.0292,218.9990,1.2164,344.3919,-0.0668,56.9165,-0.0230,358.2540,-0.0272,299.6735,-0.0055,6.6504,0.0008,186.6504,0.0008
2024-10-01,24.2028,-3.4886,10.54,188.7996,0.9837,174.9224,11.8100,105.1117,0.5225,189.2861,1.7659,81.2366,0.0259,220.2153,1.2161,344.3255,-0.0660,56.8932,-0.0237,358.2268,-0.0271,299.6683,-0.0050,6.6507,0.0002,186.6507,0.0002
2024-10-02,24.2029,-3.8757,10.86,189.7837,0.9843,186.7153,11.7820,105.6323,0.5186,191.0451,1.7521,81.2608,0.0226,221.4312,1.2158,344.2600,-0.0650,56.8691,-0.0244,358.1997,-0.0270,299.6635,-0.0046,6.6509,-0.0000,186.6509,-0.0000
2024-10-03,24.2029,-4.2620,11.17,190.7682,0.9849,198.4987,11.7911,106.1489,0.5147,192.7903,1.7382,81.2818,0.0193,222.6469,1.2155,344.1954,-0.0641,56.8444,-0.0251,358.1727,-0.0269,299.6592,-0.0041,6.6492,-0.0043,186.6492,-0.0043
2024-10-04,24.2030,-4.6475,11.47,191.7534,0.9854,210.3098,11.8374,106.6615,0.5106,194.5216,1.7244,81.2994,0.0160,223.8622,1.2151,344.1319,-0.0631,56.8190,-0.0257,358.1459,-0.0267,299.6553,-0.0036,6.6413,-0.0115,186.6413,-0.0115
2024-10-05,24.2030,-5.0321,11.77,192.7391,0.9860,222.1867,11.9233,107.1701,0.5065,196.2391,1.7107,81.3138,0.0127,225.0771,1.2148,344.0693,-0.0620,56.7929,-0.0264,358.1192,-0.0266,299.6519,-0.0031,6.6272,-0.0157,186.6272,-0.0157
2024-10-06,24.2030,-5.4156,12.06,193.7254,0.9865,234.1710,12.0530,107.6745,0.5023,197.9430,1.6971,81.3248,0.0093,226.2917,1.2144,344.0078,-0.0609,56.7662,-0.0270,358.0928,-0.0264,299.6490,-0.0026,6.6117,-0.0147,186.6117,-0.0147
2024-10-07,24.2031,-5.7979,12.35,194.7121,0.9870,246.3089,12.2314,108.1747,0.4981,199.6334,1.6837,81.3324,0.0060,227.5059,1.2140,343.9474,-0.0598,56.7388,-0.0277,358.0664,-0.0262,299.6466,-0.0022,6.5980,-0.0130,186.5980,-0.0130
2024-10-08,24.2031,-6.1790,12.63,195.6995,0.9876,258.6516,12.4631,108.6706,0.4937,201.3105,1.6705,81.3368,0.0027,228.7198,1.2136,343.8882,-0.0587,56.7109,-0.0283,358.0403,-0.0260,299.6447,-0.0017,6.5847,-0.0139,186.5847,-0.0139
2024-10-09,24.2031,-6.5586,12.90,196.6873,0.9881,271.2538,12.7507,109.1622,0.4893,202.9745,1.6576,81.3377,-0.0007,229.9332,1.2132,343.8301,-0.0575,56.6823,-0.0289,358.0144,-0.0258,299.6433,-0.0012,6.5710,-0.0126,186.5710,-0.0126
2024-10-10,24.2032,-6.9368,13.17,197.6756,0.9885,284.1711,13.0927,109.6493,0.4849,204.6257,1.6449,81.3354,-0.0040,231.1462,1.2128,343.7731,-0.0563,56.6530,-0.0295,357.9887,-0.0256,299.6423,-0.0007,6.5619,-0.0044,186.5619,-0.0044
2024-10-11,24.2032,-7.3134,13.42,198.6644,0.9890,297.4549,13.4813,110.1319,0.4803,206.2644,1.6325,81.3297,-0.0074,232.3588,1.2123,343.7174,-0.0551,56.6232,-0.0301,357.9632,-0.0254,299.6418,-0.0002,6.5633,0.0069,186.5633,0.0069
2024-10-12,24.2033,-7.6883,13.67,199.6536,0.9895,311.1436,13.8991,110.6099,0.4757,207.8908,1.6204,81.3206,-0.0108,233.5709,1.2118,343.6628,-0.0539,56.5928,-0.0307,357.9378,-0.0252,299.6418,0.0002,6.5745,0.0146,186.5745,0.0146
2024-10-13,24.2033,-8.0614,13.91,200.6434,0.9900,325.2537,14.3183,111.0832,0.4710,209.5053,1.6086,81.3081,-0.0141,234.7824,1.2113,343.6096,-0.0527,56.5618,-0.0313,357.9128,-0.0250,299.6423,0.0007,6.5912,0.0182,186.5912,0.0182
2024-10-14,24.2033,-8.4326,14.15,201.6336,0.9905,339.7682,14.7009,111.5518,0.4662,211.1081,1.5970,81.2923,-0.0175,235.9935,1.2108,343.5575,-0.0514,56.5302,-0.0319,357.8879,-0.0248,299.6432,0.0011,6.6097,0.0180,186.6097,0.0180
2024-10-15,24.2034,-8.8017,14.37,202.6243,0.9910,354.6286,15.0026,112.0156,0.4614,212.6994,1.5858,81.2732,-0.0208,237.2040,1.2103,343.5068,-0.0501,56.4981,-0.0324,357.8632,-0.0245,299.6446,0.0016,6.6246,0.0106,186.6246,0.0106
2024-10-16,24.2034,-9.1688,14.58,203.6155,0.9915,9.7322,15.1808,112.4746,0.4564,214.2797,1.5748,81.2507,-0.0242,238.4140,1.2098,343.4574,-0.0487,56.4654,-0.0329,357.8389,-0.0242,299.6465,0.0021,6.6287,-0.0030,186.6287,-0.0030
2024-10-17,24.2035,-9.5337,14.79,204.6073,0.9920,24.9388,15.2051,112.9285,0.4514,215.8491,1.5641,81.2249,-0.0275,239.6235,1.2093,343.4094,-0.0474,56.4322,-0.0335,357.8148,-0.0240,299.6488,0.0026,6.6188,-0.0167,186.6188,-0.0167
2024-10-18,24.2035,-9.8963,14.98,205.5996,0.9926,40.0877,15.0662,113.3774,0.4463,217.4080,1.5536,81.1957,-0.0308,240.8326,1.2088,343.3627,-0.0460,56.3985,-0.0339,357.7909,-0.0237,299.6516,0.0031,6.5954,-0.0305,186.5954,-0.0305
2024-10-19,24.2035,-10.2565,15.16,206.5926,0.9933,55.0217,14.7798,113.8212,0.4411,218.9564,1.5434,81.1633,-0.0341,242.0411,1.2083,343.3175,-0.0445,56.3643,-0.0344,357.7674,-0.0234,299.6550,0.0036,6.5572,-0.0459,186.5572,-0.0459
2024-10-20,24.2036,-10.6142,15.34,207.5861,0.9939,69.6102,14.3829,114.2597,0.4358,220.4948,1.5333,81.1276,-0.0374,243.2491,1.2078,343.2737,-0.0431,56.3297,-0.0349,357.7442,-0.0230,299.6588,0.0041,6.5058,-0.0546,186.5058,-0.0546
2024-10-21,24.2036,-10.9694,15.50,208.5803,0.9945,83.7667,13.9240,114.6927,0.4303,222.0231,1.5234,81.0886,-0.0407,244.4567,1.2073,343.2313,-0.0416,56.2946,-0.0353,357.7213,-0.0227,299.6632,0.0046,6.4533,-0.0478,186.4533,-0.0478
2024-10-22,24.2036,-11.3219,15.65,209.5751,0.9951,97.4537,13.4515,115.1203,0.4247,223.5415,1.5135,81.0463,-0.0439,245.6638,1.2068,343.1904,-0.0402,56.2590,-0.0358,357.6988,-0.0224,299.6680,0.0051,6.4133,-0.0317,186.4133,-0.0317
2024-10-23,24.2037,-11.6715,15.79,210.5706,0.9958,110.6786,13.0056,115.5422,0.4190,225.0501,1.5037,81.0007,-0.0472,246.8703,1.2063,343.1510,-0.0387,56.2230,-0.0362,357.6765,-0.0221,299.6733,0.0055,6.3897,-0.0158,186.3897,-0.0158
2024-10-24,24.2037,-12.0183,15.91,211.5667,0.9964,123.4833,12.6146,115.9582,0.4131,226.5490,1.4940,80.9518,-0.0505,248.0764,1.2058,343.1131,-0.0372,56.1865,-0.0367,357.6546,-0.0218,299.6791,0.0060,6.3818,0.0004,186.3818,0.0004
2024-10-25,24.2038,-12.3620,16.03,212.5633,0.9970,135.9317,12.2950,116.3683,0.4071,228.0381,1.4842,80.8997,-0.0537,249.2819,1.2053,343.0767,-0.0357,56.1496,-0.0371,357.6330,-0.0214,299.6853,0.0065,6.3913,0.0186,186.3913,0.0186
2024-10-26,24.2038,-12.7026,16.13,213.5606,0.9976,148.0994,12.0535,116.7724,0.4009,229.5173,1.4743,80.8444,-0.0570,250.4869,1.2047,343.0418,-0.0341,56.1123,-0.0375,357.6117,-0.0211,299.6920,0.0069,6.4173,0.0316,186.4173,0.0316
2024-10-27,24.2038,-13.0400,16.22,214.5585,0.9982,160.0646,11.8895,117.1701,0.3946,230.9866,1.4642,80.7858,-0.0602,251.6914,1.2042,343.0084,-0.0325,56.0746,-0.0379,357.5907,-0.0208,299.6992,0.0074,6.4502,0.0322,186.4502,0.0322
2024-10-28,24.2039,-13.3739,16.29,215.5570,0.9988,171.9026,11.7976,117.5615,0.3882,232.4457,1.4540,80.7240,-0.0633,252.8953,1.2036,342.9767,-0.0310,56.0365,-0.0383,357.5702,-0.0204,299.7068,0.0079,6.4781,0.0221,186.4781,0.0221
2024-10-29,24.2039,-13.7044,16.36,216.5560,0.9993,183.6812,11.7693,117.9464,0.3816,233.8944,1.4434,80.6591,-0.0664,254.0987,1.2031,342.9466,-0.0293,55.9981,-0.0386,357.5500,-0.0200,299.7149,0.0084,6.4922,0.0051,186.4922,0.0051
2024-10-30,24.2040,-14.0313,16.41,217.5556,0.9999,195.4591,11.7946,118.3247,0.3749,235.3323,1.4324,80.5911,-0.0695,255.3015,1.2025,342.9180,-0.0277,55.9593,-0.0389,357.5302,-0.0196,299.7235,0.0088,6.4859,-0.0189,186.4859,-0.0189
2024-10-31,24.2040,-14.3544,16.45,218.5558,1.0005,207.2850,11.8636,118.6961,0.3680,236.7590,1.4209,80.5201,-0.0726,256.5037,1.2019,342.8911,-0.0261,55.9202,-0.0392,357.5108,-0.0192,299.7326,0.0093,6.4527,-0.0479,186.4527,-0.0479
2024-11-01,24.2040,-14.6737,16.47,219.5566,1.0010,219.1979,11.9673,119.0606,0.3610,238.1740,1.4088,80.4460,-0.0756,257.7052,1.2013,342.8659,-0.0244,55.8809,-0.0395,357.4918,-0.0188,299.7422,0.0098,6.3906,-0.0754,186.3906,-0.0754
2024-11-02,24.2041,-14.9891,16.48,220.5579,1.0015,231.2287,12.0985,119.4181,0.3539,239.5764,1.3959,80.3690,-0.0785,258.9062,1.2006,342.8424,-0.0227,55.8412,-0.0398,357.4732,-0.0184,299.7523,0.0103,6.3045,-0.0952,186.3045,-0.0952
2024-11-03,24.2041,-15.3004,16.48,221.5596,1.0020,243.4026,12.2528,119.7683,0.3466,240.9655,1.3822,80.2890,-0.0814,260.1065,1.1999,342.8205,-0.0210,55.8013,-0.0400,357.4550,-0.0179,299.7628,0.0108,6.2028,-0.1070,186.2028,-0.1070
2024-11-04,24.2041,-15.6075,16.46,222.5619,1.0025,255.7416,12.4289,120.1111,0.3391,242.3404,1.3673,80.2062,-0.0843,261.3061,1.1992,342.8004,-0.0193,55.7612,-0.0402,357.4373,-0.0175,299.7738,0.0113,6.0930,-0.1112,186.0930,-0.1112
2024-11-05,24.2042,-15.9103,16.43,223.5647,1.0030,268.2680,12.6280,120.4464,0.3315,243.6998,1.3512,80.1205,-0.0870,262.5049,1.1985,342.7820,-0.0176,55.7208,-0.0405,357.4201,-0.0170,299.7853,0.0117,5.9840,-0.1045,185.9840,-0.1045
2024-11-06,24.2042,-16.2086,16.38,224.5679,1.0034,281.0064,12.8535,120.7741,0.3238,245.0424,1.3336,80.0321,-0.0898,263.7030,1.1977,342.7653,-0.0159,55.6803,-0.0407,357.4033,-0.0166,299.7973,0.0122,5.8888,-0.0833,185.8888,-0.0833
2024-11-07,24.2043,-16.5024,16.33,225.5715,1.0038,293.9849,13.1090,121.0939,0.3159,246.3665,1.3143,79.9410,-0.0925,264.9003,1.1969,342.7503,-0.0141,55.6395,-0.0408,357.3869,-0.0161,299.8097,0.0127,5.8214,-0.0504,185.8214,-0.0504
2024-11-08,24.2043,-16.7916,16.26,226.5756,1.0042,307.2349,13.3961,121.4058,0.3078,247.6703,1.2930,79.8472,-0.0951,266.0967,1.1960,342.7370,-0.0124,55.5986,-0.0410,357.3710,-0.0157,299.8226,0.0131,5.7883,-0.0168,185.7883,-0.0168
2024-11-09,24.2043,-17.0760,16.17,227.5800,1.0046,320.7868,13.7117,121.7095,0.2996,248.9517,1.2693,79.7508,-0.0977,267.2923,1.1951,342.7254,-0.0107,55.5575,-0.0412,357.3555,-0.0152,299.8359,0.0135,5.7846,0.0073,185.7846,0.0073
2024-11-10,24.2044,-17.3555,16.07,228.5849,1.0050,334.6642,14.0445,122.0049,0.2912,250.2080,1.2430,79.6518,-0.1002,268.4868,1.1941,342.7156,-0.0090,55.5163,-0.0413,357.3405,-0.0148,299.8497,0.0140,5.7989,0.0194,185.7989,0.0194
2024-11-11,24.2044,-17.6300,15.96,229.5901,1.0054,348.8747,14.3733,122.2919,0.2827,251.4365,1.2135,79.5504,-0.1026,269.6804,1.1931,342.7075,-0.0072,55.4749,-0.0414,357.3259,-0.0143,299.8639,0.0144,5.8195,0.0196,185.8195,0.0196
2024-11-12,24.2044,-17.8995,15.83,230.5957,1.0058,3.3992,14.6667,122.5703,0.2741,252.6338,1.1805,79.4466,-0.1050,270.8730,1.1921,342.7012,-0.0055,55.4334,-0.0415,357.3119,-0.0138,299.8785,0.0149,5.8329,0.0042,185.8329,0.0042
2024-11-13,24.2045,-18.1637,15.69,231.6016,1.0062,18.1834,14.8857,122.8400,0.2653,253.7962,1.1434,79.3404,-0.1073,272.0646,1.1910,342.6966,-0.0037,55.3918,-0.0416,357.2983,-0.0133,299.8936,0.0153,5.8226,-0.0268,185.8226,-0.0268
2024-11-14,24.2045,-18.4226,15.54,232.6081,1.0066,33.1329,14.9914,123.1008,0.2563,254.9191,1.1016,79.2321,-0.1095,273.2551,1.1900,342.6937,-0.0019,55.3502,-0.0416,357.2852,-0.0128,299.9091,0.0158,5.7773,-0.0637,185.7773,-0.0637
2024-11-15,24.2046,-18.6761,15.37,233.6149,1.0071,48.1187,14.9551,123.3525,0.2471,255.9976,1.0545,79.1216,-0.1116,274.4445,1.1889,342.6927,-0.0002,55.3085,-0.0417,357.2726,-0.0123,299.9251,0.0162,5.6966,-0.0968,185.6966,-0.0968
2024-11-16,24.2046,-18.9241,15.18,234.6222,1.0075,62.9928,14.7685,123.5949,0.2378,257.0260,1.0012,79.0089,-0.1136,275.6329,1.1878,342.6934,0.0016,55.2669,-0.0417,357.2606,-0.0118,299.9415,0.0167,5.5857,-0.1240,185.5857,-0.1240
2024-11-17,24.2046,-19.1666,14.99,235.6300,1.0080,77.6110,14.4482,123.8279,0.2282,257.9977,0.9410,78.8943,-0.1156,276.8201,1.1867,342.6959,0.0034,55.2252,-0.0417,357.2490,-0.0113,299.9584,0.0171,5.4518,-0.1413,185.4518,-0.1413
2024-11-18,24.2047,-19.4033,14.78,236.6382,1.0085,91.8570,14.0318,124.0513,0.2184,258.9053,0.8729,78.7777,-0.1176,278.0062,1.1855,342.7001,0.0051,55.1836,-0.0416,357.2380,-0.0108,299.9757,0.0175,5.3094,-0.1398,185.3094,-0.1398
2024-11-19,24.2047,-19.6343,14.55,237.6470,1.0090,105.6586,13.5677,124.2647,0.2084,259.7405,0.7960,78.6592,-0.1194,279.1911,1.1843,342.7061,0.0069,55.1419,-0.0416,357.2275,-0.0102,299.9934,0.0179,5.1789,-0.1184,185.1789,-0.1184
2024-11-20,24.2048,-19.8594,14.31,238.6562,1.0094,118.9926,13.1040,124.4680,0.1981,260.4940,0.7092,78.5389,-0.1212,280.3749,1.1831,342.7139,0.0086,55.1003,-0.0416,357.2175,-0.0097,300.0116,0.0183,5.0763,-0.0858,185.0763,-0.0858
2024-11-21,24.2048,-20.0784,14.06,239.6658,1.0099,131.8801,12.6802,124.6609,0.1877,261.1554,0.6116,78.4169,-0.1229,281.5573,1.1819,342.7234,0.0104,55.0588,-0.0415,357.2080,-0.0092,300.0301,0.0187,5.0086,-0.0494,185.0086,-0.0494
2024-11-22,24.2048,-20.2914,13.80,240.6760,1.0104,144.3759,12.3243,124.8433,0.1770,261.7133,0.5023,78.2932,-0.1245,282.7386,1.1806,342.7346,0.0121,55.0173,-0.0415,357.1990,-0.0087,300.0490,0.0191,4.9772,-0.0144,184.9772,-0.0144
2024-11-23,24.2049,-20.4981,13.52,241.6866,1.0108,156.5568,12.0524,125.0148,0.1661,262.1557,0.3803,78.1679,-0.1260,283.9185,1.1793,342.7476,0.0139,54.9759,-0.0414,357.1906,-0.0082,300.0683,0.0195,4.9764,0.0103,184.9764,0.0103
2024-11-24,24.2049,-20.6986,13.22,242.6976,1.0113,168.5111,11.8714,125.1754,0.1550,262.4696,0.2453,78.0412,-0.1274,285.0972,1.1780,342.7624,0.0156,54.9346,-0.0413,357.1827,-0.0076,300.0880,0.0199,4.9919,0.0176,184.9919,0.0176
2024-11-25,24.2049,-20.8927,12.92,243.7091,1.0117,180.3296,11.7802,125.3247,0.1436,262.6418,0.0971,77.9131,-0.1287,286.2745,1.1766,342.7789,0.0174,54.8934,-0.0411,357.1753,-0.0071,300.1081,0.0203,5.0059,0.0079,185.0059,0.0079
2024-11-26,24.2050,-21.0802,12.60,244.7211,1.0122,192.0993,11.7722,125.4626,0.1321,262.6595,-0.0636,77.7837,-0.1300,287.4504,1.1752,342.7972,0.0192,54.8523,-0.0410,357.1685,-0.0066,300.1286,0.0207,5.0030,-0.0162,185.0030,-0.0162
2024-11-27,24.2050,-21.2612,12.27,245.7335,1.0126,203.8983,11.8370,125.5888,0.1203,262.5108,-0.2353,77.6532,-0.1311,288.6248,1.1737,342.8173,0.0209,54.8115,-0.0408,357.1622,-0.0060,300.1495,0.0211,4.9688,-0.0545,184.9688,-0.0545
2024-11-28,24.2051,-21.4355,11.93,246.7463,1.0130,215.7931,11.9612,125.7032,0.1084,262.1862,-0.4151,77.5216,-0.1321,289.7978,1.1722,342.8391,0.0227,54.7708,-0.0406,357.1565,-0.0054,300.1707,0.0215,4.8910,-0.1016,184.8910,-0.1016
2024-11-29,24.2051,-21.6030,11.58,247.7595,1.0134,227.8354,12.1294,125.8055,0.0963,261.6793,-0.5989,77.3891,-0.1330,290.9693,1.1707,342.8627,0.0245,54.7303,-0.0403,357.1514,-0.0048,300.1924,0.0219,4.7667,-0.1455,184.7667,-0.1455
2024-11-30,24.2051,-21.7637,11.21,248.7730,1.0138,240.0610,12.3252,125.8956,0.0839,260.9891,-0.7807,77.2557,-0.1338,292.1392,1.1691,342.8880,0.0262,54.6901,-0.0401,357.1468,-0.0043,300.2145,0.0222,4.6039,-0.1780,184.6039,-0.1780
2024-12-01,24.2052,-21.9174,10.83,249.7870,1.0141,252.4898,12.5333,125.9733,0.0714,260.1210,-0.9532,77.1215,-0.1345,293.3075,1.1674,342.9151,0.0280,54.6502,-0.0398,357.1428,-0.0037,300.2369,0.0226,4.4142,-0.1996,184.4142,-0.1996
2024-12-02,24.2052,-22.0641,10.45,250.8013,1.0144,265.1276,12.7416,126.0384,0.0587,259.0886,-1.1078,76.9868,-0.1350,294.4740,1.1657,342.9439,0.0297,54.6105,-0.0395,357.1394,-0.0031,300.2597,0.0230,4.2084,-0.2095,184.2084,-0.2095
2024-12-03,24.2053,-22.2037,10.05,251.8158,1.0147,277.9704,12.9424,126.0907,0.0459,257.9143,-1.2354,76.8515,-0.1355,295.6388,1.1638,342.9745,0.0314,54.5711,-0.0392,357.1366,-0.0025,300.2828,0.0233,4.0018,-0.1998,184.0018,-0.1998
2024-12-04,24.2053,-22.3362,9.64,252.8307,1.0150,291.0092,13.1338,126.1301,0.0329,256.6296,-1.3274,76.7158,-0.1359,296.8017,1.1619,343.0068,0.0332,54.5320,-0.0389,357.1344,-0.0020,300.3064,0.0237,3.8167,-0.1666,183.8167,-0.1666
2024-12-05,24.2053,-22.4614,9.23,253.8458,1.0152,304.2357,13.3188,126.1564,0.0197,255.2737,-1.3769,76.5797,-0.1362,297.9626,1.1599,343.0408,0.0348,54.4932,-0.0386,357.1327,-0.0014,300.3302,0.0240,3.6736,-0.1181,183.6736,-0.1181
2024-12-06,24.2054,-22.5793,8.80,254.8611,1.0154,317.6468,13.5040,126.1695,0.0064,253.8914,-1.3799,76.4435,-0.1363,299.1215,1.1579,343.0765,0.0365,54.4548,-0.0383,357.1316,-0.0008,300.3544,0.0243,3.5808,-0.0685,183.5808,-0.0685
2024-12-07,24.2054,-22.6898,8.37,255.8766,1.0156,331.2460,13.6960,126.1692,-0.0070,252.5296,-1.3361,76.3071,-0.1364,300.2783,1.1557,343.1139,0.0382,54.4166,-0.0379,357.1310,-0.0003,300.3788,0.0246,3.5336,-0.0280,183.5336,-0.0280
2024-12-08,24.2054,-22.7929,7.93,256.8923,1.0158,345.0421,13.8977,126.1555,-0.0205,251.2339,-1.2486,76.1707,-0.1363,301.4329,1.1534,343.1529,0.0399,54.3789,-0.0376,357.1310,0.0003,300.4036,0.0249,3.5198,-0.0025,183.5198,-0.0025
2024-12-09,24.2055,-22.8885,7.49,257.9081,1.0159,359.0433,14.1046,126.1283,-0.0340,250.0450,-1.1237,76.0344,-0.1362,302.5851,1.1511,343.1936,0.0415,54.3415,-0.0372,357.1316,0.0009,300.4287,0.0253,3.5220,0.0031,183.5220,0.0031
2024-12-10,24.2055,-22.9766,7.03,258.9241,1.0161,13.2486,14.3026,126.0874,-0.0477,248.9962,-0.9699,75.8984,-0.1359,303.7350,1.1486,343.2360,0.0432,54.3045,-0.0368,357.1327,0.0014,300.4542,0.0256,3.5181,-0.0148,183.5181,-0.0148
2024-12-11,24.2056,-23.0571,6.57,259.9403,1.0163,27.6377,14.4677,126.0329,-0.0614,248.1119,-0.7962,75.7627,-0.1355,304.8824,1.1461,343.2800,0.0448,54.2680,-0.0363,357.1345,0.0020,300.4799,0.0259,3.4857,-0.0527,183.4857,-0.0527
2024-12-12,24.2056,-23.1299,6.11,260.9567,1.0165,42.1628,14.5693,125.9646,-0.0752,247.4074,-0.6117,75.6274,-0.1350,306.0272,1.1435,343.3256,0.0465,54.2319,-0.0359,357.1368,0.0026,300.5059,0.0262,3.4098,-0.0996,183.4098,-0.0996
2024-12-13,24.2056,-23.1952,5.64,261.9732,1.0166,56.7450,14.5772,125.8825,-0.0890,246.8896,-0.4240,75.4927,-0.1344,307.1694,1.1409,343.3729,0.0481,54.1962,-0.0354,357.1398,0.0032,300.5323,0.0265,3.2870,-0.1453,183.2870,-0.1453
2024-12-14,24.2057,-23.2527,5.16,262.9899,1.0168,71.2791,14.4711,125.7866,-0.1029,246.5582,-0.2396,75.3587,-0.1337,308.3089,1.1381,343.4218,0.0497,54.1611,-0.0349,357.1433,0.0038,300.5590,0.0268,3.1215,-0.1840,183.1215,-0.1840
2024-12-15,24.2057,-23.3026,4.68,264.0069,1.0170,85.6480,14.2481,125.6767,-0.1168,246.4077,-0.0631,75.2254,-0.1329,309.4456,1.1352,343.4723,0.0513,54.1264,-0.0344,357.1474,0.0044,300.5859,0.0271,2.9236,-0.2086,182.9236,-0.2086
2024-12-16,24.2058,-23.3447,4.19,265.0240,1.0172,99.7419,13.9255,125.5529,-0.1308,246.4284,0.1025,75.0929,-0.1320,310.5794,1.1323,343.5244,0.0529,54.0923,-0.0339,357.1521,0.0050,300.6131,0.0274,2.7120,-0.2102,182.7120,-0.2102
2024-12-17,24.2058,-23.3790,3.71,266.0414,1.0174,113.4767,13.5365,125.4151,-0.1448,246.6084,0.2553,74.9613,-0.1311,311.7102,1.1293,343.5781,0.0544,54.0586,-0.0334,357.1574,0.0056,300.6406,0.0276,2.5114,-0.1875,182.5114,-0.1875
2024-12-18,24.2058,-23.4056,3.22,267.0589,1.0176,126.8062,13.1219,125.2634,-0.1587,246.9345,0.3945,74.8308,-0.1300,312.8379,1.1262,343.6333,0.0560,54.0255,-0.0329,357.1632,0.0061,300.6683,0.0279,2.3423,-0.1487,182.3423,-0.1487
2024-12-19,24.2059,-23.4243,2.72,268.0767,1.0178,139.7253,12.7217,125.0977,-0.1727,247.3929,0.5201,74.7013,-0.1289,313.9625,1.1230,343.6900,0.0575,53.9928,-0.0324,357.1696,0.0067,300.6963,0.0281,2.2164,-0.1023,182.2164,-0.1023
2024-12-20,24.2059,-23.4353,2.23,269.0946,1.0180,152.2657,12.3695,124.9181,-0.1865,247.9703,0.6326,74.5730,-0.1276,315.0838,1.1197,343.7482,0.0590,53.9607,-0.0318,357.1766,0.0072,300.7245,0.0283,2.1378,-0.0557,182.1378,-0.0557
2024-12-21,24.2059,-23.4384,1.73,270.1128,1.0183,164.4885,12.0895,124.7247,-0.2002,248.6540,0.7328,74.4461,-0.1263,316.2018,1.1163,343.8080,0.0605,53.9292,-0.0313,357.1841,0.0078,300.7530,0.0286,2.1017,-0.0192,182.1017,-0.0192
2024-12-22,24.2060,-23.4336,1.24,271.1311,1.0185,176.4738,11.8965,124.5177,-0.2138,249.4322,0.8216,74.3205,-0.1248,317.3164,1.1128,343.8692,0.0620,53.8982,-0.0307,357.1922,0.0084,300.7816,0.0288,2.0931,-0.0015,182.0931,-0.0015
2024-12-23,24.2060,-23.4210,0.74,272.1497,1.0187,188.3129,11.7974,124.2972,-0.2272,250.2939,0.9002,74.1964,-0.1233,318.4275,1.1093,343.9320,0.0635,53.8678,-0.0301,357.2008,0.0089,300.8105,0.0290,2.0924,-0.0030,182.0924,-0.0030
2024-12-24,24.2061,-23.4005,0.24,273.1684,1.0188,200.0999,11.7919,124.0635,-0.2403,251.2295,0.9695,74.0739,-0.1216,319.5349,1.1056,343.9962,0.0650,53.8381,-0.0295,357.2101,0.0095,300.8396,0.0292,2.0817,-0.0213,182.0817,-0.0213
2024-12-25,24.2061,-23.3722,-0.26,274.1874,1.0190,211.9263,11.8747,123.8167,-0.2532,252.2302,1.0306,73.9531,-0.1199,320.6386,1.1018,344.0619,0.0664,53.8089,-0.0288,357.2199,0.0101,300.8690,0.0295,2.0439,-0.0573,182.0439,-0.0573
2024-12-26,24.2061,-23.3361,-0.75,275.2065,1.0192,223.8752,12.0350,123.5571,-0.2658,253.2884,1.0845,73.8341,-0.1181,321.7384,1.0978,344.1291,0.0679,53.7804,-0.0282,357.2303,0.0107,300.8985,0.0297,1.9621,-0.1078,181.9621,-0.1078
2024-12-27,24.2062,-23.2921,-1.24,276.2257,1.0193,236.0169,12.2572,123.2851,-0.2781,254.3972,1.1320,73.7170,-0.1161,322.8342,1.0938,344.1977,0.0694,53.7526,-0.0275,357.2412,0.0113,300.9283,0.0299,1.8281,-0.1590,181.8281,-0.1590
2024-12-28,24.2062,-23.2404,-1.73,277.2451,1.0194,248.4035,12.5212,123.0011,-0.2900,255.5506,1.1740,73.6019,-0.1141,323.9259,1.0896,344.2678,0.0708,53.7254,-0.0268,357.2528,0.0118,300.9583,0.0301,1.6482,-0.1982,181.6482,-0.1982
2024-12-29,24.2062,-23.1809,-2.22,278.2646,1.0195,261.0654,12.8037,122.7053,-0.3014,256.7435,1.2111,73.4888,-0.1120,325.0133,1.0852,344.3393,0.0722,53.6990,-0.0261,357.2649,0.0124,300.9885,0.0303,1.4365,-0.2227,181.4365,-0.2227
2024-12-30,24.2063,-23.1136,-2.70,279.2842,1.0196,274.0092,13.0812,122.3983,-0.3124,257.9713,1.2439,73.3778,-0.1099,326.0963,1.0807,344.4122,0.0736,53.6732,-0.0254,357.2776,0.0130,301.0189,0.0305,1.2078,-0.2316,181.2078,-0.2316
2024-12-31,24.2063,-23.0386,-3.18,280.3038,1.0196,287.2190,13.3328,122.0806,-0.3229,259.2301,1.2731,73.2691,-0.1076,327.1747,1.0760,344.4865,0.0749,53.6481,-0.0247,357.2909,0.0135,301.0494,0.0306,0.9804,-0.2190,180.9804,-0.2190