timestamp,moon_long,moon_speed,moon_lat
2024-01-01T00:00:00.000Z,155.99218,11.84840,3.56764
2024-01-01T06:00:00.000Z,158.95175,11.82886,3.37960
2024-01-01T12:00:00.000Z,161.90700,11.81383,3.18264
2024-01-01T18:00:00.000Z,164.85907,11.80351,2.97724
2024-01-02T00:00:00.000Z,167.80917,11.79811,2.76389
2024-01-02T06:00:00.000Z,170.75856,11.79779,2.54309
2024-01-02T12:00:00.000Z,173.70852,11.80272,2.31534
2024-01-02T18:00:00.000Z,176.66038,11.81306,2.08114
2024-01-03T00:00:00.000Z,179.61552,11.82893,1.84101
2024-01-03T06:00:00.000Z,182.57533,11.85044,1.59547
2024-01-03T12:00:00.000Z,185.54123,11.87770,1.34504
2024-01-03T18:00:00.000Z,188.51467,11.91076,1.09027
2024-01-04T00:00:00.000Z,191.49711,11.94969,0.83171
2024-01-04T06:00:00.000Z,194.49002,11.99451,0.56993
2024-01-04T12:00:00.000Z,197.49487,12.04521,0.30553
2024-01-04T18:00:00.000Z,200.51313,12.10178,0.03910
2024-01-05T00:00:00.000Z,203.54625,12.16414,-0.22872
2024-01-05T06:00:00.000Z,206.59568,12.23222,-0.49727
2024-01-05T12:00:00.000Z,209.66283,12.30588,-0.76588
2024-01-05T18:00:00.000Z,212.74908,12.38497,-1.03384
2024-01-06T00:00:00.000Z,215.85575,12.46928,-1.30040
2024-01-06T06:00:00.000Z,218.98413,12.55856,-1.56480
2024-01-06T12:00:00.000Z,222.13542,12.65254,-1.82624
2024-01-06T18:00:00.000Z,225.31076,12.75088,-2.08387
2024-01-07T00:00:00.000Z,228.51118,12.85321,-2.33684
2024-01-07T06:00:00.000Z,231.73764,12.95908,-2.58425
2024-01-07T12:00:00.000Z,234.99097,13.06804,-2.82516
2024-01-07T18:00:00.000Z,238.27186,13.17955,-3.05862
2024-01-08T00:00:00.000Z,241.58089,13.29304,-3.28365
2024-01-08T06:00:00.000Z,244.91847,13.40788,-3.49925
2024-01-08T12:00:00.000Z,248.28487,13.52340,-3.70440
2024-01-08T18:00:00.000Z,251.68015,13.63890,-3.89808
2024-01-09T00:00:00.000Z,255.10423,13.75364,-4.07926
2024-01-09T06:00:00.000Z,258.55682,13.86682,-4.24692
2024-01-09T12:00:00.000Z,262.03742,13.97766,-4.40007
2024-01-09T18:00:00.000Z,265.54536,14.08535,-4.53774
2024-01-10T00:00:00.000Z,269.07975,14.18907,-4.65900
2024-01-10T06:00:00.000Z,272.63948,14.28803,-4.76298
2024-01-10T12:00:00.000Z,276.22328,14.38145,-4.84887
2024-01-10T18:00:00.000Z,279.82966,14.46858,-4.91595
2024-01-11T00:00:00.000Z,283.45697,14.54872,-4.96357
2024-01-11T06:00:00.000Z,287.10337,14.62126,-4.99121
2024-01-11T12:00:00.000Z,290.76690,14.68563,-4.99844
2024-01-11T18:00:00.000Z,294.44546,14.74136,-4.98497
2024-01-12T00:00:00.000Z,298.13682,14.78808,-4.95062
2024-01-12T06:00:00.000Z,301.83871,14.82550,-4.89535
2024-01-12T12:00:00.000Z,305.54878,14.85346,-4.81928
2024-01-12T18:00:00.000Z,309.26465,14.87190,-4.72264
2024-01-13T00:00:00.000Z,312.98395,14.88088,-4.60581
2024-01-13T06:00:00.000Z,316.70433,14.88055,-4.46930
2024-01-13T12:00:00.000Z,320.42348,14.87118,-4.31377
2024-01-13T18:00:00.000Z,324.13920,14.85312,-4.13998
2024-01-14T00:00:00.000Z,327.84937,14.82681,-3.94880
2024-01-14T06:00:00.000Z,331.55198,14.79277,-3.74123
2024-01-14T12:00:00.000Z,335.24518,14.75159,-3.51832
2024-01-14T18:00:00.000Z,338.92725,14.70388,-3.28123
2024-01-15T00:00:00.000Z,342.59665,14.65032,-3.03117
2024-01-15T06:00:00.000Z,346.25200,14.59159,-2.76942
2024-01-15T12:00:00.000Z,349.89210,14.52839,-2.49726
2024-01-15T18:00:00.000Z,353.51591,14.46141,-2.21604
2024-01-16T00:00:00.000Z,357.12257,14.39133,-1.92708
2024-01-16T06:00:00.000Z,0.71139,14.31880,-1.63174
2024-01-16T12:00:00.000Z,4.28184,14.24446,-1.33136
2024-01-16T18:00:00.000Z,7.83354,14.16888,-1.02725
2024-01-17T00:00:00.000Z,11.36625,14.09261,-0.72070
2024-01-17T06:00:00.000Z,14.87985,14.01614,-0.41298
2024-01-17T12:00:00.000Z,18.37435,13.93990,-0.10532
2024-01-17T18:00:00.000Z,21.84987,13.86430,0.20111
2024-01-18T00:00:00.000Z,25.30660,13.78967,0.50515
2024-01-18T06:00:00.000Z,28.74482,13.71629,0.80573
2024-01-18T12:00:00.000Z,32.16488,13.64440,1.10178
2024-01-18T18:00:00.000Z,35.56717,13.57420,1.39233
2024-01-19T00:00:00.000Z,38.95213,13.50582,1.67642
2024-01-19T06:00:00.000Z,42.32024,13.43936,1.95317
2024-01-19T12:00:00.000Z,45.67198,13.37489,2.22173
2024-01-19T18:00:00.000Z,49.00785,13.31243,2.48131
2024-01-20T00:00:00.000Z,52.32836,13.25197,2.73117
2024-01-20T06:00:00.000Z,55.63400,13.19348,2.97061
2024-01-20T12:00:00.000Z,58.92526,13.13689,3.19899
2024-01-20T18:00:00.000Z,62.20259,13.08213,3.41570
2024-01-21T00:00:00.000Z,65.46646,13.02909,3.62022
2024-01-21T06:00:00.000Z,68.71726,12.97765,3.81202
2024-01-21T12:00:00.000Z,71.95540,12.92770,3.99066
2024-01-21T18:00:00.000Z,75.18122,12.87910,4.15573
2024-01-22T00:00:00.000Z,78.39504,12.83172,4.30687
2024-01-22T06:00:00.000Z,81.59716,12.78543,4.44376
2024-01-22T12:00:00.000Z,84.78782,12.74009,4.56616
2024-01-22T18:00:00.000Z,87.96726,12.69558,4.67383
2024-01-23T00:00:00.000Z,91.13567,12.65180,4.76660
2024-01-23T06:00:00.000Z,94.29320,12.60864,4.84436
2024-01-23T12:00:00.000Z,97.44002,12.56601,4.90702
2024-01-23T18:00:00.000Z,100.57624,12.52385,4.95455
2024-01-24T00:00:00.000Z,103.70196,12.48209,4.98696
2024-01-24T06:00:00.000Z,106.81730,12.44070,5.00432
2024-01-24T12:00:00.000Z,109.92234,12.39967,5.00670
2024-01-24T18:00:00.000Z,113.01716,12.35900,4.99426
2024-01-25T00:00:00.000Z,116.10186,12.31871,4.96717
2024-01-25T06:00:00.000Z,119.17654,12.27885,4.92565
2024-01-25T12:00:00.000Z,122.24131,12.23947,4.86995
2024-01-25T18:00:00.000Z,125.29631,12.20067,4.80034
2024-01-26T00:00:00.000Z,128.34170,12.16255,4.71716
2024-01-26T06:00:00.000Z,131.37765,12.12522,4.62075
2024-01-26T12:00:00.000Z,134.40438,12.08883,4.51148
2024-01-26T18:00:00.000Z,137.42215,12.05353,4.38975
2024-01-27T00:00:00.000Z,140.43124,12.01949,4.25599
2024-01-27T06:00:00.000Z,143.43201,11.98689,4.11063
2024-01-27T12:00:00.000Z,146.42482,11.95592,3.95415
2024-01-27T18:00:00.000Z,149.41012,11.92679,3.78703
2024-01-28T00:00:00.000Z,152.38839,11.89971,3.60976
2024-01-28T06:00:00.000Z,155.36017,11.87489,3.42286
2024-01-28T12:00:00.000Z,158.32605,11.85256,3.22685
2024-01-28T18:00:00.000Z,161.28668,11.83293,3.02225
2024-01-29T00:00:00.000Z,164.24277,11.81625,2.80962
2024-01-29T06:00:00.000Z,167.19507,11.80272,2.58951
2024-01-29T12:00:00.000Z,170.14442,11.79259,2.36246
2024-01-29T18:00:00.000Z,173.09168,11.78606,2.12904
2024-01-30T00:00:00.000Z,176.03778,11.78336,1.88981
2024-01-30T06:00:00.000Z,178.98371,11.78471,1.64535
2024-01-30T12:00:00.000Z,181.93051,11.79030,1.39623
2024-01-30T18:00:00.000Z,184.87925,11.80034,1.14303
2024-01-31T00:00:00.000Z,187.83108,11.81502,0.88633
2024-01-31T06:00:00.000Z,190.78718,11.83452,0.62672
2024-01-31T12:00:00.000Z,193.74878,11.85901,0.36479
2024-01-31T18:00:00.000Z,196.71714,11.88865,0.10114
2024-02-01T00:00:00.000Z,199.69356,11.92357,-0.16361
2024-02-01T06:00:00.000Z,202.67939,11.96389,-0.42884
2024-02-01T12:00:00.000Z,205.67599,12.00973,-0.69394
2024-02-01T18:00:00.000Z,208.68474,12.06116,-0.95824
2024-02-02T00:00:00.000Z,211.70705,12.11824,-1.22110
2024-02-02T06:00:00.000Z,214.74435,12.18099,-1.48184
2024-02-02T12:00:00.000Z,217.79804,12.24943,-1.73976
2024-02-02T18:00:00.000Z,220.86955,12.32352,-1.99416
2024-02-03T00:00:00.000Z,223.96028,12.40319,-2.24430
2024-02-03T06:00:00.000Z,227.07161,12.48835,-2.48943
2024-02-03T12:00:00.000Z,230.20491,12.57886,-2.72877
2024-02-03T18:00:00.000Z,233.36148,12.67451,-2.96153
2024-02-04T00:00:00.000Z,236.54258,12.77509,-3.18688
2024-02-04T06:00:00.000Z,239.74941,12.88031,-3.40398
2024-02-04T12:00:00.000Z,242.98309,12.98983,-3.61197
2024-02-04T18:00:00.000Z,246.24465,13.10326,-3.80995
2024-02-05T00:00:00.000Z,249.53501,13.22016,-3.99704
2024-02-05T06:00:00.000Z,252.85497,13.34002,-4.17230
2024-02-05T12:00:00.000Z,256.20521,13.46227,-4.33483
2024-02-05T18:00:00.000Z,259.58624,13.58627,-4.48369
2024-02-06T00:00:00.000Z,262.99842,13.71135,-4.61797
2024-02-06T06:00:00.000Z,266.44193,13.83675,-4.73675
2024-02-06T12:00:00.000Z,269.91674,13.96169,-4.83914
2024-02-06T18:00:00.000Z,273.42264,14.08531,-4.92431
2024-02-07T00:00:00.000Z,276.95919,14.20674,-4.99142
2024-02-07T06:00:00.000Z,280.52573,14.32506,-5.03975
2024-02-07T12:00:00.000Z,284.12137,14.43936,-5.06859
2024-02-07T18:00:00.000Z,287.74497,14.54869,-5.07736
2024-02-08T00:00:00.000Z,291.39520,14.65215,-5.06556
2024-02-08T06:00:00.000Z,295.07046,14.74884,-5.03280
2024-02-08T12:00:00.000Z,298.76896,14.83790,-4.97880
2024-02-08T18:00:00.000Z,302.48870,14.91857,-4.90344
2024-02-09T00:00:00.000Z,306.22747,14.99011,-4.80672
2024-02-09T06:00:00.000Z,309.98292,15.05189,-4.68881
2024-02-09T12:00:00.000Z,313.75255,15.10341,-4.55001
2024-02-09T18:00:00.000Z,317.53373,15.14424,-4.39079
2024-02-10T00:00:00.000Z,321.32375,15.17409,-4.21178
2024-02-10T06:00:00.000Z,325.11985,15.19280,-4.01376
2024-02-10T12:00:00.000Z,328.91922,15.20033,-3.79764
2024-02-10T18:00:00.000Z,332.71909,15.19677,-3.56450
2024-02-11T00:00:00.000Z,336.51672,15.18235,-3.31551
2024-02-11T06:00:00.000Z,340.30941,15.15740,-3.05196
2024-02-11T12:00:00.000Z,344.09459,15.12236,-2.77526
2024-02-11T18:00:00.000Z,347.86981,15.07777,-2.48688
2024-02-12T00:00:00.000Z,351.63276,15.02426,-2.18834
2024-02-12T06:00:00.000Z,355.38128,14.96252,-1.88123
2024-02-12T12:00:00.000Z,359.11343,14.89331,-1.56713
2024-02-12T18:00:00.000Z,2.82741,14.81741,-1.24767
2024-02-13T00:00:00.000Z,6.52167,14.73563,-0.92443
2024-02-13T06:00:00.000Z,10.19484,14.64880,-0.59899
2024-02-13T12:00:00.000Z,13.84575,14.55772,-0.27287
2024-02-13T18:00:00.000Z,17.47345,14.46320,0.05244
2024-02-14T00:00:00.000Z,21.07717,14.36602,0.37553
2024-02-14T06:00:00.000Z,24.65633,14.26690,0.69504
2024-02-14T12:00:00.000Z,28.21054,14.16654,1.00971
2024-02-14T18:00:00.000Z,31.73958,14.06559,1.31834
2024-02-15T00:00:00.000Z,35.24337,13.96464,1.61983
2024-02-15T06:00:00.000Z,38.72197,13.86423,1.91315
2024-02-15T12:00:00.000Z,42.17559,13.76484,2.19735
2024-02-15T18:00:00.000Z,45.60453,13.66690,2.47158
2024-02-16T00:00:00.000Z,49.00921,13.57079,2.73507
2024-02-16T06:00:00.000Z,52.39012,13.47682,2.98709
2024-02-16T12:00:00.000Z,55.74784,13.38528,3.22703
2024-02-16T18:00:00.000Z,59.08299,13.29638,3.45432
2024-02-17T00:00:00.000Z,62.39627,13.21030,3.66846
2024-02-17T06:00:00.000Z,65.68840,13.12719,3.86902
2024-02-17T12:00:00.000Z,68.96012,13.04714,4.05561
2024-02-17T18:00:00.000Z,72.21223,12.97021,4.22792
2024-02-18T00:00:00.000Z,75.44549,12.89644,4.38567
2024-02-18T06:00:00.000Z,78.66071,12.82583,4.52862
2024-02-18T12:00:00.000Z,81.85867,12.75837,4.65661
2024-02-18T18:00:00.000Z,85.04015,12.69400,4.76948
2024-02-19T00:00:00.000Z,88.20591,12.63266,4.86715
2024-02-19T06:00:00.000Z,91.35672,12.57428,4.94954
2024-02-19T12:00:00.000Z,94.49328,12.51876,5.01665
2024-02-19T18:00:00.000Z,97.61632,12.46601,5.06847
2024-02-20T00:00:00.000Z,100.72650,12.41592,5.10505
2024-02-20T06:00:00.000Z,103.82448,12.36838,5.12647
2024-02-20T12:00:00.000Z,106.91089,12.32327,5.13285
2024-02-20T18:00:00.000Z,109.98630,12.28048,5.12432
2024-02-21T00:00:00.000Z,113.05130,12.23991,5.10105
2024-02-21T06:00:00.000Z,116.10643,12.20145,5.06325
2024-02-21T12:00:00.000Z,119.15219,12.16499,5.01114
2024-02-21T18:00:00.000Z,122.18908,12.13046,4.94499
2024-02-22T00:00:00.000Z,125.21756,12.09777,4.86506
2024-02-22T06:00:00.000Z,128.23810,12.06684,4.77168
2024-02-22T12:00:00.000Z,131.25112,12.03762,4.66518
2024-02-22T18:00:00.000Z,134.25705,12.01006,4.54593
2024-02-23T00:00:00.000Z,137.25628,11.98412,4.41429
2024-02-23T06:00:00.000Z,140.24924,11.95978,4.27069
2024-02-23T12:00:00.000Z,143.23630,11.93702,4.11556
2024-02-23T18:00:00.000Z,146.21788,11.91586,3.94934
2024-02-24T00:00:00.000Z,149.19437,11.89631,3.77251
2024-02-24T06:00:00.000Z,152.16617,11.87839,3.58557
2024-02-24T12:00:00.000Z,155.13371,11.86216,3.38902
2024-02-24T18:00:00.000Z,158.09740,11.84767,3.18341
2024-02-25T00:00:00.000Z,161.05770,11.83500,2.96926
2024-02-25T06:00:00.000Z,164.01506,11.82421,2.74715
2024-02-25T12:00:00.000Z,166.96998,11.81542,2.51765
2024-02-25T18:00:00.000Z,169.92296,11.80873,2.28135
2024-02-26T00:00:00.000Z,172.87454,11.80424,2.03885
2024-02-26T06:00:00.000Z,175.82529,11.80210,1.79076
2024-02-26T12:00:00.000Z,178.77581,11.80242,1.53770
2024-02-26T18:00:00.000Z,181.72673,11.80535,1.28030
2024-02-27T00:00:00.000Z,184.67873,11.81103,1.01919
2024-02-27T06:00:00.000Z,187.63251,11.81962,0.75500
2024-02-27T12:00:00.000Z,190.58881,11.83127,0.48839
2024-02-27T18:00:00.000Z,193.54843,11.84614,0.22001
2024-02-28T00:00:00.000Z,196.51218,11.86438,-0.04949
2024-02-28T06:00:00.000Z,199.48094,11.88615,-0.31946
2024-02-28T12:00:00.000Z,202.45559,11.91161,-0.58922
2024-02-28T18:00:00.000Z,205.43709,11.94091,-0.85812
2024-02-29T00:00:00.000Z,208.42640,11.97420,-1.12547
2024-02-29T06:00:00.000Z,211.42455,12.01160,-1.39061
2024-02-29T12:00:00.000Z,214.43258,12.05326,-1.65285
2024-02-29T18:00:00.000Z,217.45157,12.09929,-1.91150
2024-03-01T00:00:00.000Z,220.48262,12.14980,-2.16587
2024-03-01T06:00:00.000Z,223.52687,12.20487,-2.41526
2024-03-01T12:00:00.000Z,226.58547,12.26457,-2.65895
2024-03-01T18:00:00.000Z,229.65957,12.32897,-2.89623
2024-03-02T00:00:00.000Z,232.75037,12.39808,-3.12637
2024-03-02T06:00:00.000Z,235.85903,12.47191,-3.34864
2024-03-02T12:00:00.000Z,238.98673,12.55042,-3.56229
2024-03-02T18:00:00.000Z,242.13465,12.63357,-3.76657
2024-03-03T00:00:00.000Z,245.30392,12.72126,-3.96071
2024-03-03T06:00:00.000Z,248.49566,12.81335,-4.14396
2024-03-03T12:00:00.000Z,251.71096,12.90968,-4.31554
2024-03-03T18:00:00.000Z,254.95085,13.01003,-4.47466
2024-03-04T00:00:00.000Z,258.21630,13.11415,-4.62056
2024-03-04T06:00:00.000Z,261.50822,13.22172,-4.75246
2024-03-04T12:00:00.000Z,264.82742,13.33238,-4.86957
2024-03-04T18:00:00.000Z,268.17464,13.44572,-4.97115
2024-03-05T00:00:00.000Z,271.55047,13.56126,-5.05645
2024-03-05T06:00:00.000Z,274.95541,13.67849,-5.12474
2024-03-05T12:00:00.000Z,278.38980,13.79681,-5.17533
2024-03-05T18:00:00.000Z,281.85384,13.91559,-5.20756
2024-03-06T00:00:00.000Z,285.34757,14.03415,-5.22084
2024-03-06T06:00:00.000Z,288.87083,14.15176,-5.21460
2024-03-06T12:00:00.000Z,292.42329,14.26762,-5.18839
2024-03-06T18:00:00.000Z,296.00441,14.38094,-5.14179
2024-03-07T00:00:00.000Z,299.61346,14.49088,-5.07452
2024-03-07T06:00:00.000Z,303.24949,14.59659,-4.98637
2024-03-07T12:00:00.000Z,306.91132,14.69722,-4.87727
2024-03-07T18:00:00.000Z,310.59759,14.79192,-4.74727
2024-03-08T00:00:00.000Z,314.30670,14.87988,-4.59655
2024-03-08T06:00:00.000Z,318.03688,14.96031,-4.42546
2024-03-08T12:00:00.000Z,321.78616,15.03248,-4.23446
2024-03-08T18:00:00.000Z,325.55237,15.09573,-4.02419
2024-03-09T00:00:00.000Z,329.33322,15.14947,-3.79544
2024-03-09T06:00:00.000Z,333.12627,15.19320,-3.54916
2024-03-09T12:00:00.000Z,336.92895,15.22652,-3.28642
2024-03-09T18:00:00.000Z,340.73863,15.24914,-3.00846
2024-03-10T00:00:00.000Z,344.55262,15.26088,-2.71661
2024-03-10T06:00:00.000Z,348.36817,15.26168,-2.41236
2024-03-10T12:00:00.000Z,352.18256,15.25157,-2.09726
2024-03-10T18:00:00.000Z,355.99308,15.23074,-1.77295
2024-03-11T00:00:00.000Z,359.79708,15.19945,-1.44114
2024-03-11T06:00:00.000Z,3.59199,15.15807,-1.10356
2024-03-11T12:00:00.000Z,7.37534,15.10708,-0.76200
2024-03-11T18:00:00.000Z,11.14480,15.04702,-0.41820
2024-03-12T00:00:00.000Z,14.89818,14.97852,-0.07392
2024-03-12T06:00:00.000Z,18.63345,14.90226,0.26915
2024-03-12T12:00:00.000Z,22.34876,14.81897,0.60934
2024-03-12T18:00:00.000Z,26.04245,14.72940,0.94508
2024-03-13T00:00:00.000Z,29.71305,14.63435,1.27487
2024-03-13T06:00:00.000Z,33.35927,14.53459,1.59731
2024-03-13T12:00:00.000Z,36.98006,14.43092,1.91110
2024-03-13T18:00:00.000Z,40.57451,14.32410,2.21503
2024-03-14T00:00:00.000Z,44.14195,14.21490,2.50802
2024-03-14T06:00:00.000Z,47.68186,14.10402,2.78910
2024-03-14T12:00:00.000Z,51.19392,13.99216,3.05741
2024-03-14T18:00:00.000Z,54.67795,13.87996,3.31217
2024-03-15T00:00:00.000Z,58.13395,13.76802,3.55275
2024-03-15T06:00:00.000Z,61.56206,13.65691,3.77859
2024-03-15T12:00:00.000Z,64.96254,13.54712,3.98922
2024-03-15T18:00:00.000Z,68.33580,13.43912,4.18426
2024-03-16T00:00:00.000Z,71.68231,13.33332,4.36343
2024-03-16T06:00:00.000Z,75.00269,13.23008,4.52651
2024-03-16T12:00:00.000Z,78.29761,13.12972,4.67332
2024-03-16T18:00:00.000Z,81.56783,13.03252,4.80379
2024-03-17T00:00:00.000Z,84.81417,12.93871,4.91788
2024-03-17T06:00:00.000Z,88.03749,12.84847,5.01558
2024-03-17T12:00:00.000Z,91.23872,12.76198,5.09696
2024-03-17T18:00:00.000Z,94.41881,12.67933,5.16211
2024-03-18T00:00:00.000Z,97.57872,12.60064,5.21116
2024-03-18T06:00:00.000Z,100.71946,12.52595,5.24427
2024-03-18T12:00:00.000Z,103.84204,12.45530,5.26163
2024-03-18T18:00:00.000Z,106.94745,12.38870,5.26346
2024-03-19T00:00:00.000Z,110.03672,12.32614,5.25000
2024-03-19T06:00:00.000Z,113.11085,12.26758,5.22151
2024-03-19T12:00:00.000Z,116.17084,12.21298,5.17827
2024-03-19T18:00:00.000Z,119.21766,12.16227,5.12059
2024-03-20T00:00:00.000Z,122.25229,12.11540,5.04877
2024-03-20T06:00:00.000Z,125.27567,12.07226,4.96315
2024-03-20T12:00:00.000Z,128.28872,12.03278,4.86408
2024-03-20T18:00:00.000Z,131.29235,11.99685,4.75193
2024-03-21T00:00:00.000Z,134.28743,11.96438,4.62707
2024-03-21T06:00:00.000Z,137.27482,11.93526,4.48990
2024-03-21T12:00:00.000Z,140.25533,11.90939,4.34083
2024-03-21T18:00:00.000Z,143.22977,11.88666,4.18029
2024-03-22T00:00:00.000Z,146.19892,11.86697,4.00871
2024-03-22T06:00:00.000Z,149.16350,11.85022,3.82655
2024-03-22T12:00:00.000Z,152.12426,11.83630,3.63430
2024-03-22T18:00:00.000Z,155.08189,11.82513,3.43244
2024-03-23T00:00:00.000Z,158.03705,11.81660,3.22148
2024-03-23T06:00:00.000Z,160.99041,11.81065,3.00195
2024-03-23T12:00:00.000Z,163.94259,11.80717,2.77439
2024-03-23T18:00:00.000Z,166.89421,11.80612,2.53938
2024-03-24T00:00:00.000Z,169.84585,11.80741,2.29748
2024-03-24T06:00:00.000Z,172.79811,11.81099,2.04929
2024-03-24T12:00:00.000Z,175.75155,11.81682,1.79542
2024-03-24T18:00:00.000Z,178.70672,11.82486,1.53651
2024-03-25T00:00:00.000Z,181.66418,11.83508,1.27319
2024-03-25T06:00:00.000Z,184.62445,11.84745,1.00612
2024-03-25T12:00:00.000Z,187.58810,11.86198,0.73596
2024-03-25T18:00:00.000Z,190.55564,11.87865,0.46340
2024-03-26T00:00:00.000Z,193.52762,11.89749,0.18912
2024-03-26T06:00:00.000Z,196.50459,11.91850,-0.08618
2024-03-26T12:00:00.000Z,199.48708,11.94172,-0.36179
2024-03-26T18:00:00.000Z,202.47565,11.96717,-0.63701
2024-03-27T00:00:00.000Z,205.47088,11.99491,-0.91111
2024-03-27T06:00:00.000Z,208.47333,12.02498,-1.18337
2024-03-27T12:00:00.000Z,211.48359,12.05743,-1.45307
2024-03-27T18:00:00.000Z,214.50228,12.09233,-1.71947
2024-03-28T00:00:00.000Z,217.52999,12.12973,-1.98184
2024-03-28T06:00:00.000Z,220.56738,12.16970,-2.23945
2024-03-28T12:00:00.000Z,223.61509,12.21231,-2.49157
2024-03-28T18:00:00.000Z,226.67379,12.25762,-2.73746
2024-03-29T00:00:00.000Z,229.74416,12.30568,-2.97639
2024-03-29T06:00:00.000Z,232.82690,12.35658,-3.20763
2024-03-29T12:00:00.000Z,235.92272,12.41034,-3.43046
2024-03-29T18:00:00.000Z,239.03234,12.46704,-3.64415
2024-03-30T00:00:00.000Z,242.15651,12.52670,-3.84799
2024-03-30T06:00:00.000Z,245.29597,12.58934,-4.04126
2024-03-30T12:00:00.000Z,248.45146,12.65500,-4.22326
2024-03-30T18:00:00.000Z,251.62375,12.72366,-4.39329
2024-03-31T00:00:00.000Z,254.81357,12.79532,-4.55068
2024-03-31T06:00:00.000Z,258.02168,12.86993,-4.69475
2024-03-31T12:00:00.000Z,261.24880,12.94743,-4.82485
2024-03-31T18:00:00.000Z,264.49565,13.02774,-4.94033
2024-04-01T00:00:00.000Z,267.76292,13.11074,-5.04056
2024-04-01T06:00:00.000Z,271.05126,13.19631,-5.12496
2024-04-01T12:00:00.000Z,274.36129,13.28426,-5.19295
2024-04-01T18:00:00.000Z,277.69358,13.37438,-5.24398
2024-04-02T00:00:00.000Z,281.04866,13.46643,-5.27755
2024-04-02T06:00:00.000Z,284.42695,13.56014,-5.29318
2024-04-02T12:00:00.000Z,287.82885,13.65518,-5.29043
2024-04-02T18:00:00.000Z,291.25463,13.75120,-5.26894
2024-04-03T00:00:00.000Z,294.70450,13.84778,-5.22839
2024-04-03T06:00:00.000Z,298.17854,13.94451,-5.16850
2024-04-03T12:00:00.000Z,301.67673,14.04090,-5.08909
2024-04-03T18:00:00.000Z,305.19892,14.13644,-4.99006
2024-04-04T00:00:00.000Z,308.74483,14.23059,-4.87138
2024-04-04T06:00:00.000Z,312.31405,14.32278,-4.73312
2024-04-04T12:00:00.000Z,315.90601,14.41241,-4.57546
2024-04-04T18:00:00.000Z,319.51999,14.49886,-4.39868
2024-04-05T00:00:00.000Z,323.15512,14.58151,-4.20318
2024-04-05T06:00:00.000Z,326.81037,14.65973,-3.98950
2024-04-05T12:00:00.000Z,330.48455,14.73288,-3.75827
2024-04-05T18:00:00.000Z,334.17632,14.80035,-3.51029
2024-04-06T00:00:00.000Z,337.88419,14.86153,-3.24645
2024-04-06T06:00:00.000Z,341.60651,14.91587,-2.96779
2024-04-06T12:00:00.000Z,345.34151,14.96284,-2.67547
2024-04-06T18:00:00.000Z,349.08728,15.00195,-2.37078
2024-04-07T00:00:00.000Z,352.84180,15.03278,-2.05508
2024-04-07T06:00:00.000Z,356.60295,15.05498,-1.72988
2024-04-07T12:00:00.000Z,0.36855,15.06825,-1.39674
2024-04-07T18:00:00.000Z,4.13632,15.07239,-1.05729
2024-04-08T00:00:00.000Z,7.90398,15.06726,-0.71323
2024-04-08T06:00:00.000Z,11.66919,15.05284,-0.36629
2024-04-08T12:00:00.000Z,15.42965,15.02915,-0.01820
2024-04-08T18:00:00.000Z,19.18303,14.99633,0.32928
2024-04-09T00:00:00.000Z,22.92710,14.95460,0.67445
2024-04-09T06:00:00.000Z,26.65965,14.90425,1.01562
2024-04-09T12:00:00.000Z,30.37857,14.84566,1.35116
2024-04-09T18:00:00.000Z,34.08186,14.77926,1.67953
2024-04-10T00:00:00.000Z,37.76763,14.70555,1.99925
2024-04-10T06:00:00.000Z,41.43412,14.62511,2.30896
2024-04-10T12:00:00.000Z,45.07971,14.53853,2.60739
2024-04-10T18:00:00.000Z,48.70297,14.44645,2.89339
2024-04-11T00:00:00.000Z,52.30258,14.34955,3.16594
2024-04-11T06:00:00.000Z,55.87744,14.24849,3.42412
2024-04-11T12:00:00.000Z,59.42659,14.14399,3.66714
2024-04-11T18:00:00.000Z,62.94925,14.03672,3.89434
2024-04-12T00:00:00.000Z,66.44482,13.92737,4.10515
2024-04-12T06:00:00.000Z,69.91286,13.81661,4.29915
2024-04-12T12:00:00.000Z,73.35310,13.70508,4.47598
2024-04-12T18:00:00.000Z,76.76542,13.59340,4.63542
2024-04-13T00:00:00.000Z,80.14987,13.48216,4.77730
2024-04-13T06:00:00.000Z,83.50662,13.37190,4.90158
2024-04-13T12:00:00.000Z,86.83598,13.26315,5.00825
2024-04-13T18:00:00.000Z,90.13839,13.15637,5.09739
2024-04-14T00:00:00.000Z,93.41440,13.05200,5.16914
2024-04-14T06:00:00.000Z,96.66465,12.95044,5.22368
2024-04-14T12:00:00.000Z,99.88991,12.85205,5.26126
2024-04-14T18:00:00.000Z,103.09099,12.75712,5.28215
2024-04-15T00:00:00.000Z,106.26880,12.66596,5.28665
2024-04-15T06:00:00.000Z,109.42431,12.57879,5.27510
2024-04-15T12:00:00.000Z,112.55856,12.49582,5.24787
2024-04-15T18:00:00.000Z,115.67260,12.41723,5.20534
2024-04-16T00:00:00.000Z,118.76756,12.34316,5.14790
2024-04-16T06:00:00.000Z,121.84457,12.27371,5.07597
2024-04-16T12:00:00.000Z,124.90481,12.20897,4.98998
2024-04-16T18:00:00.000Z,127.94946,12.14900,4.89036
2024-04-17T00:00:00.000Z,130.97972,12.09384,4.77755
2024-04-17T06:00:00.000Z,133.99679,12.04348,4.65200
2024-04-17T12:00:00.000Z,137.00186,11.99792,4.51416
2024-04-17T18:00:00.000Z,139.99615,11.95714,4.36449
2024-04-18T00:00:00.000Z,142.98083,11.92109,4.20346
2024-04-18T06:00:00.000Z,145.95709,11.88971,4.03153
2024-04-18T12:00:00.000Z,148.92607,11.86293,3.84917
2024-04-18T18:00:00.000Z,151.88893,11.84065,3.65688
2024-04-19T00:00:00.000Z,154.84677,11.82279,3.45514
2024-04-19T06:00:00.000Z,157.80069,11.80924,3.24445
2024-04-19T12:00:00.000Z,160.75174,11.79988,3.02533
2024-04-19T18:00:00.000Z,163.70097,11.79459,2.79828
2024-04-20T00:00:00.000Z,166.64937,11.79324,2.56385
2024-04-20T06:00:00.000Z,169.59792,11.79571,2.32258
2024-04-20T12:00:00.000Z,172.54754,11.80184,2.07504
2024-04-20T18:00:00.000Z,175.49914,11.81151,1.82181
2024-04-21T00:00:00.000Z,178.45359,11.82457,1.56348
2024-04-21T06:00:00.000Z,181.41171,11.84086,1.30066
2024-04-21T12:00:00.000Z,184.37429,11.86024,1.03397
2024-04-21T18:00:00.000Z,187.34209,11.88256,0.76408
2024-04-22T00:00:00.000Z,190.31583,11.90767,0.49163
2024-04-22T06:00:00.000Z,193.29617,11.93543,0.21731
2024-04-22T12:00:00.000Z,196.28377,11.96568,-0.05819
2024-04-22T18:00:00.000Z,199.27923,11.99829,-0.33416
2024-04-23T00:00:00.000Z,202.28312,12.03311,-0.60988
2024-04-23T06:00:00.000Z,205.29598,12.07000,-0.88462
2024-04-23T12:00:00.000Z,208.31831,12.10884,-1.15762
2024-04-23T18:00:00.000Z,211.35058,12.14951,-1.42814
2024-04-24T00:00:00.000Z,214.39324,12.19188,-1.69540
2024-04-24T06:00:00.000Z,217.44668,12.23583,-1.95864
2024-04-24T12:00:00.000Z,220.51131,12.28127,-2.21707
2024-04-24T18:00:00.000Z,223.58746,12.32809,-2.46993
2024-04-25T00:00:00.000Z,226.67549,12.37621,-2.71642
2024-04-25T06:00:00.000Z,229.77570,12.42554,-2.95577
2024-04-25T12:00:00.000Z,232.88839,12.47600,-3.18721
2024-04-25T18:00:00.000Z,236.01382,12.52752,-3.40996
2024-04-26T00:00:00.000Z,239.15227,12.58005,-3.62327
2024-04-26T06:00:00.000Z,242.30396,12.63353,-3.82640
2024-04-26T12:00:00.000Z,245.46914,12.68791,-4.01860
2024-04-26T18:00:00.000Z,248.64802,12.74316,-4.19916
2024-04-27T00:00:00.000Z,251.84082,12.79923,-4.36739
2024-04-27T06:00:00.000Z,255.04774,12.85610,-4.52262
2024-04-27T12:00:00.000Z,258.26897,12.91375,-4.66419
2024-04-27T18:00:00.000Z,261.50471,12.97216,-4.79150
2024-04-28T00:00:00.000Z,264.75514,13.03130,-4.90395
2024-04-28T06:00:00.000Z,268.02045,13.09117,-5.00099
2024-04-28T12:00:00.000Z,271.30081,13.15174,-5.08211
2024-04-28T18:00:00.000Z,274.59641,13.21300,-5.14683
2024-04-29T00:00:00.000Z,277.90740,13.27493,-5.19473
2024-04-29T06:00:00.000Z,281.23395,13.33749,-5.22541
2024-04-29T12:00:00.000Z,284.57622,13.40065,-5.23854
2024-04-29T18:00:00.000Z,287.93435,13.46436,-5.23383
2024-04-30T00:00:00.000Z,291.30846,13.52855,-5.21105
2024-04-30T06:00:00.000Z,294.69868,13.59316,-5.17003
2024-04-30T12:00:00.000Z,298.10509,13.65808,-5.11064
2024-04-30T18:00:00.000Z,301.52776,13.72320,-5.03284
2024-05-01T00:00:00.000Z,304.96671,13.78840,-4.93664
2024-05-01T06:00:00.000Z,308.42196,13.85351,-4.82214
2024-05-01T12:00:00.000Z,311.89346,13.91835,-4.68947
2024-05-01T18:00:00.000Z,315.38111,13.98273,-4.53889
2024-05-02T00:00:00.000Z,318.88477,14.04641,-4.37071
2024-05-02T06:00:00.000Z,322.40425,14.10914,-4.18533
2024-05-02T12:00:00.000Z,325.93925,14.17065,-3.98322
2024-05-02T18:00:00.000Z,329.48945,14.23064,-3.76497
2024-05-03T00:00:00.000Z,333.05442,14.28878,-3.53124
2024-05-03T06:00:00.000Z,336.63366,14.34473,-3.28279
2024-05-03T12:00:00.000Z,340.22657,14.39813,-3.02045
2024-05-03T18:00:00.000Z,343.83248,14.44860,-2.74517
2024-05-04T00:00:00.000Z,347.45060,14.49575,-2.45799
2024-05-04T06:00:00.000Z,351.08005,14.53919,-2.16001
2024-05-04T12:00:00.000Z,354.71986,14.57852,-1.85245
2024-05-04T18:00:00.000Z,358.36894,14.61332,-1.53657
2024-05-05T00:00:00.000Z,2.02611,14.64321,-1.21374
2024-05-05T06:00:00.000Z,5.69010,14.66780,-0.88537
2024-05-05T12:00:00.000Z,9.35955,14.68673,-0.55293
2024-05-05T18:00:00.000Z,13.03298,14.69967,-0.21792
2024-05-06T00:00:00.000Z,16.70887,14.70631,0.11811
2024-05-06T06:00:00.000Z,20.38560,14.70638,0.45360
2024-05-06T12:00:00.000Z,24.06151,14.69966,0.78698
2024-05-06T18:00:00.000Z,27.73487,14.68599,1.11672
2024-05-07T00:00:00.000Z,31.40393,14.66524,1.44127
2024-05-07T06:00:00.000Z,35.06692,14.63737,1.75917
2024-05-07T12:00:00.000Z,38.72205,14.60238,2.06896
2024-05-07T18:00:00.000Z,42.36755,14.56036,2.36930
2024-05-08T00:00:00.000Z,46.00169,14.51144,2.65889
2024-05-08T06:00:00.000Z,49.62275,14.45582,2.93653
2024-05-08T12:00:00.000Z,53.22910,14.39379,3.20112
2024-05-08T18:00:00.000Z,56.81917,14.32566,3.45166
2024-05-09T00:00:00.000Z,60.39149,14.25182,3.68728
2024-05-09T06:00:00.000Z,63.94469,14.17271,3.90718
2024-05-09T12:00:00.000Z,67.47749,14.08880,4.11072
2024-05-09T18:00:00.000Z,70.98878,14.00062,4.29735
2024-05-10T00:00:00.000Z,74.47754,13.90869,4.46663
2024-05-10T06:00:00.000Z,77.94291,13.81360,4.61825
2024-05-10T12:00:00.000Z,81.38417,13.71592,4.75198
2024-05-10T18:00:00.000Z,84.80074,13.61623,4.86769
2024-05-11T00:00:00.000Z,88.19221,13.51513,4.96536
2024-05-11T06:00:00.000Z,91.55828,13.41320,5.04504
2024-05-11T12:00:00.000Z,94.89883,13.31101,5.10685
2024-05-11T18:00:00.000Z,98.21385,13.20911,5.15101
2024-05-12T00:00:00.000Z,101.50349,13.10803,5.17776
2024-05-12T06:00:00.000Z,104.76801,13.00829,5.18741
2024-05-12T12:00:00.000Z,108.00782,12.91036,5.18034
2024-05-12T18:00:00.000Z,111.22342,12.81470,5.15693
2024-05-13T00:00:00.000Z,114.41543,12.72174,5.11763
2024-05-13T06:00:00.000Z,117.58457,12.63186,5.06288
2024-05-13T12:00:00.000Z,120.73167,12.54541,4.99318
2024-05-13T18:00:00.000Z,123.85762,12.46274,4.90902
2024-05-14T00:00:00.000Z,126.96340,12.38412,4.81092
2024-05-14T06:00:00.000Z,130.05005,12.30982,4.69940
2024-05-14T12:00:00.000Z,133.11870,12.24007,4.57499
2024-05-14T18:00:00.000Z,136.17050,12.17507,4.43822
2024-05-15T00:00:00.000Z,139.20666,12.11499,4.28964
2024-05-15T06:00:00.000Z,142.22843,12.05996,4.12977
2024-05-15T12:00:00.000Z,145.23708,12.01010,3.95915
2024-05-15T18:00:00.000Z,148.23392,11.96549,3.77833
2024-05-16T00:00:00.000Z,151.22028,11.92620,3.58782
2024-05-16T06:00:00.000Z,154.19748,11.89226,3.38816
2024-05-16T12:00:00.000Z,157.16686,11.86369,3.17989
2024-05-16T18:00:00.000Z,160.12977,11.84048,2.96354
2024-05-17T00:00:00.000Z,163.08755,11.82260,2.73962
2024-05-17T06:00:00.000Z,166.04153,11.81003,2.50869
2024-05-17T12:00:00.000Z,168.99301,11.80268,2.27128
2024-05-17T18:00:00.000Z,171.94330,11.80049,2.02794
2024-05-18T00:00:00.000Z,174.89369,11.80337,1.77921
2024-05-18T06:00:00.000Z,177.84541,11.81120,1.52566
2024-05-18T12:00:00.000Z,180.79970,11.82387,1.26787
2024-05-18T18:00:00.000Z,183.75775,11.84124,1.00641
2024-05-19T00:00:00.000Z,186.72072,11.86316,0.74189
2024-05-19T06:00:00.000Z,189.68971,11.88946,0.47492
2024-05-19T12:00:00.000Z,192.66582,11.91997,0.20613
2024-05-19T18:00:00.000Z,195.65005,11.95450,-0.06383
2024-05-20T00:00:00.000Z,198.64340,11.99284,-0.33430
2024-05-20T06:00:00.000Z,201.64679,12.03477,-0.60459
2024-05-20T12:00:00.000Z,204.66109,12.08008,-0.87400
2024-05-20T18:00:00.000Z,207.68712,12.12851,-1.14183
2024-05-21T00:00:00.000Z,210.72561,12.17982,-1.40733
2024-05-21T06:00:00.000Z,213.77727,12.23375,-1.66976
2024-05-21T12:00:00.000Z,216.84271,12.29004,-1.92836
2024-05-21T18:00:00.000Z,219.92249,12.34840,-2.18234
2024-05-22T00:00:00.000Z,223.01710,12.40857,-2.43093
2024-05-22T06:00:00.000Z,226.12694,12.47026,-2.67332
2024-05-22T12:00:00.000Z,229.25237,12.53319,-2.90871
2024-05-22T18:00:00.000Z,232.39365,12.59709,-3.13630
2024-05-23T00:00:00.000Z,235.55100,12.66166,-3.35529
2024-05-23T06:00:00.000Z,238.72455,12.72663,-3.56486
2024-05-23T12:00:00.000Z,241.91437,12.79174,-3.76422
2024-05-23T18:00:00.000Z,245.12045,12.85673,-3.95260
2024-05-24T00:00:00.000Z,248.34274,12.92135,-4.12922
2024-05-24T06:00:00.000Z,251.58111,12.98535,-4.29334
2024-05-24T12:00:00.000Z,254.83538,13.04852,-4.44424
2024-05-24T18:00:00.000Z,258.10532,13.11066,-4.58123
2024-05-25T00:00:00.000Z,261.39065,13.17156,-4.70367
2024-05-25T06:00:00.000Z,264.69102,13.23108,-4.81093
2024-05-25T12:00:00.000Z,268.00609,13.28905,-4.90246
2024-05-25T18:00:00.000Z,271.33544,13.34535,-4.97774
2024-05-26T00:00:00.000Z,274.67865,13.39989,-5.03630
2024-05-26T06:00:00.000Z,278.03527,13.45260,-5.07776
2024-05-26T12:00:00.000Z,281.40483,13.50340,-5.10176
2024-05-26T18:00:00.000Z,284.78684,13.55229,-5.10803
2024-05-27T00:00:00.000Z,288.18084,13.59925,-5.09637
2024-05-27T06:00:00.000Z,291.58634,13.64430,-5.06664
2024-05-27T12:00:00.000Z,295.00286,13.68747,-5.01877
2024-05-27T18:00:00.000Z,298.42995,13.72882,-4.95276
2024-05-28T00:00:00.000Z,301.86715,13.76841,-4.86871
2024-05-28T06:00:00.000Z,305.31404,13.80631,-4.76676
2024-05-28T12:00:00.000Z,308.77020,13.84262,-4.64715
2024-05-28T18:00:00.000Z,312.23524,13.87741,-4.51019
2024-05-29T00:00:00.000Z,315.70880,13.91078,-4.35625
2024-05-29T06:00:00.000Z,319.19054,13.94280,-4.18579
2024-05-29T12:00:00.000Z,322.68012,13.97356,-3.99935
2024-05-29T18:00:00.000Z,326.17724,14.00312,-3.79752
2024-05-30T00:00:00.000Z,329.68160,14.03153,-3.58097
2024-05-30T06:00:00.000Z,333.19293,14.05883,-3.35046
2024-05-30T12:00:00.000Z,336.71094,14.08503,-3.10678
2024-05-30T18:00:00.000Z,340.23536,14.11012,-2.85081
2024-05-31T00:00:00.000Z,343.76591,14.13407,-2.58349
2024-05-31T06:00:00.000Z,347.30231,14.15684,-2.30582
2024-05-31T12:00:00.000Z,350.84424,14.17832,-2.01883
2024-05-31T18:00:00.000Z,354.39137,14.19844,-1.72365
2024-06-01T00:00:00.000Z,357.94334,14.21704,-1.42141
2024-06-01T06:00:00.000Z,1.49975,14.23396,-1.11332
2024-06-01T12:00:00.000Z,5.06018,14.24904,-0.80060
2024-06-01T18:00:00.000Z,8.62411,14.26206,-0.48453
2024-06-02T00:00:00.000Z,12.19103,14.27280,-0.16640
2024-06-02T06:00:00.000Z,15.76031,14.28102,0.15249
2024-06-02T12:00:00.000Z,19.33131,14.28647,0.47080
2024-06-02T18:00:00.000Z,22.90331,14.28888,0.78721
2024-06-03T00:00:00.000Z,26.47549,14.28800,1.10039
2024-06-03T06:00:00.000Z,30.04702,14.28357,1.40901
2024-06-03T12:00:00.000Z,33.61698,14.27532,1.71180
2024-06-03T18:00:00.000Z,37.18437,14.26303,2.00747
2024-06-04T00:00:00.000Z,40.74815,14.24647,2.29480
2024-06-04T06:00:00.000Z,44.30725,14.22545,2.57260
2024-06-04T12:00:00.000Z,47.86052,14.19981,2.83976
2024-06-04T18:00:00.000Z,51.40678,14.16943,3.09520
2024-06-05T00:00:00.000Z,54.94485,14.13422,3.33793
2024-06-05T06:00:00.000Z,58.47351,14.09414,3.56704
2024-06-05T12:00:00.000Z,61.99155,14.04921,3.78170
2024-06-05T18:00:00.000Z,65.49775,13.99948,3.98117
2024-06-06T00:00:00.000Z,68.99093,13.94506,4.16480
2024-06-06T06:00:00.000Z,72.46994,13.88612,4.33204
2024-06-06T12:00:00.000Z,75.93367,13.82285,4.48243
2024-06-06T18:00:00.000Z,79.38107,13.75552,4.61562
2024-06-07T00:00:00.000Z,82.81115,13.68442,4.73134
2024-06-07T06:00:00.000Z,86.22303,13.60988,4.82943
2024-06-07T12:00:00.000Z,89.61588,13.53229,4.90980
2024-06-07T18:00:00.000Z,92.98900,13.45203,4.97248
2024-06-08T00:00:00.000Z,96.34176,13.36954,5.01754
2024-06-08T06:00:00.000Z,99.67366,13.28526,5.04516
2024-06-08T12:00:00.000Z,102.98432,13.19964,5.05556
2024-06-08T18:00:00.000Z,106.27345,13.11316,5.04906
2024-06-09T00:00:00.000Z,109.54091,13.02629,5.02599
2024-06-09T06:00:00.000Z,112.78665,12.93951,4.98677
2024-06-09T12:00:00.000Z,116.01074,12.85326,4.93184
2024-06-09T18:00:00.000Z,119.21340,12.76803,4.86169
2024-06-10T00:00:00.000Z,122.39492,12.68424,4.77683
2024-06-10T06:00:00.000Z,125.55571,12.60234,4.67780
2024-06-10T12:00:00.000Z,128.69631,12.52274,4.56517
2024-06-10T18:00:00.000Z,131.81733,12.44582,4.43950
2024-06-11T00:00:00.000Z,134.91950,12.37196,4.30140
2024-06-11T06:00:00.000Z,138.00363,12.30152,4.15145
2024-06-11T12:00:00.000Z,141.07060,12.23481,3.99025
2024-06-11T18:00:00.000Z,144.12139,12.17212,3.81841
2024-06-12T00:00:00.000Z,147.15704,12.11374,3.63652
2024-06-12T06:00:00.000Z,150.17866,12.05991,3.44520
2024-06-12T12:00:00.000Z,153.18741,12.01085,3.24502
2024-06-12T18:00:00.000Z,156.18451,11.96675,3.03659
2024-06-13T00:00:00.000Z,159.17123,11.92778,2.82049
2024-06-13T06:00:00.000Z,162.14886,11.89409,2.59730
2024-06-13T12:00:00.000Z,165.11874,11.86580,2.36760
2024-06-13T18:00:00.000Z,168.08223,11.84300,2.13195
2024-06-14T00:00:00.000Z,171.04071,11.82577,1.89093
2024-06-14T06:00:00.000Z,173.99559,11.81416,1.64510
2024-06-14T12:00:00.000Z,176.94827,11.80821,1.39503
2024-06-14T18:00:00.000Z,179.90017,11.80793,1.14129
2024-06-15T00:00:00.000Z,182.85272,11.81331,0.88444
2024-06-15T06:00:00.000Z,185.80731,11.82432,0.62505
2024-06-15T12:00:00.000Z,188.76535,11.84092,0.36372
2024-06-15T18:00:00.000Z,191.72824,11.86305,0.10102
2024-06-16T00:00:00.000Z,194.69734,11.89061,-0.16244
2024-06-16T06:00:00.000Z,197.67401,11.92349,-0.42606
2024-06-16T12:00:00.000Z,200.65954,11.96157,-0.68919
2024-06-16T18:00:00.000Z,203.65523,12.00468,-0.95121
2024-06-17T00:00:00.000Z,206.66231,12.05266,-1.21146
2024-06-17T06:00:00.000Z,209.68197,12.10530,-1.46927
2024-06-17T12:00:00.000Z,212.71535,12.16236,-1.72394
2024-06-17T18:00:00.000Z,215.76352,12.22361,-1.97477
2024-06-18T00:00:00.000Z,218.82750,12.28877,-2.22103
2024-06-18T06:00:00.000Z,221.90823,12.35753,-2.46199
2024-06-18T12:00:00.000Z,225.00657,12.42957,-2.69688
2024-06-18T18:00:00.000Z,228.12329,12.50453,-2.92494
2024-06-19T00:00:00.000Z,231.25908,12.58206,-3.14538
2024-06-19T06:00:00.000Z,234.41454,12.66176,-3.35742
2024-06-19T12:00:00.000Z,237.59015,12.74322,-3.56025
2024-06-19T18:00:00.000Z,240.78630,12.82601,-3.75307
2024-06-20T00:00:00.000Z,244.00327,12.90970,-3.93508
2024-06-20T06:00:00.000Z,247.24123,12.99384,-4.10548
2024-06-20T12:00:00.000Z,250.50023,13.07796,-4.26349
2024-06-20T18:00:00.000Z,253.78021,13.16162,-4.40835
2024-06-21T00:00:00.000Z,257.08100,13.24435,-4.53930
2024-06-21T06:00:00.000Z,260.40231,13.32571,-4.65563
2024-06-21T12:00:00.000Z,263.74375,13.40524,-4.75666
2024-06-21T18:00:00.000Z,267.10479,13.48252,-4.84176
2024-06-22T00:00:00.000Z,270.48483,13.55715,-4.91034
2024-06-22T06:00:00.000Z,273.88315,13.62875,-4.96189
2024-06-22T12:00:00.000Z,277.29896,13.69696,-4.99593
2024-06-22T18:00:00.000Z,280.73136,13.76147,-5.01208
2024-06-23T00:00:00.000Z,284.17940,13.82200,-5.01004
2024-06-23T06:00:00.000Z,287.64205,13.87833,-4.98957
2024-06-23T12:00:00.000Z,291.11823,13.93027,-4.95053
2024-06-23T18:00:00.000Z,294.60684,13.97767,-4.89288
2024-06-24T00:00:00.000Z,298.10672,14.02046,-4.81666
2024-06-24T06:00:00.000Z,301.61671,14.05860,-4.72201
2024-06-24T12:00:00.000Z,305.13566,14.09210,-4.60915
2024-06-24T18:00:00.000Z,308.66241,14.12101,-4.47843
2024-06-25T00:00:00.000Z,312.19582,14.14546,-4.33027
2024-06-25T06:00:00.000Z,315.73480,14.16558,-4.16516
2024-06-25T12:00:00.000Z,319.27828,14.18156,-3.98373
2024-06-25T18:00:00.000Z,322.82527,14.19360,-3.78664
2024-06-26T00:00:00.000Z,326.37480,14.20197,-3.57466
2024-06-26T06:00:00.000Z,329.92598,14.20690,-3.34864
2024-06-26T12:00:00.000Z,333.47800,14.20869,-3.10946
2024-06-26T18:00:00.000Z,337.03010,14.20760,-2.85809
2024-06-27T00:00:00.000Z,340.58160,14.20392,-2.59557
2024-06-27T06:00:00.000Z,344.13189,14.19793,-2.32295
2024-06-27T12:00:00.000Z,347.68041,14.18989,-2.04136
2024-06-27T18:00:00.000Z,351.22670,14.18005,-1.75193
2024-06-28T00:00:00.000Z,354.77032,14.16864,-1.45585
2024-06-28T06:00:00.000Z,358.31092,14.15587,-1.15433
2024-06-28T12:00:00.000Z,1.84817,14.14190,-0.84858
2024-06-28T18:00:00.000Z,5.38179,14.12691,-0.53984
2024-06-29T00:00:00.000Z,8.91155,14.11099,-0.22934
2024-06-29T06:00:00.000Z,12.43723,14.09424,0.08167
2024-06-29T12:00:00.000Z,15.95862,14.07671,0.39198
2024-06-29T18:00:00.000Z,19.47553,14.05842,0.70035
2024-06-30T00:00:00.000Z,22.98778,14.03936,1.00559
2024-06-30T06:00:00.000Z,26.49516,14.01950,1.30650
2024-06-30T12:00:00.000Z,29.99747,13.99875,1.60195
2024-06-30T18:00:00.000Z,33.49447,13.97705,1.89080
2024-07-01T00:00:00.000Z,36.98591,13.95426,2.17197
2024-07-01T06:00:00.000Z,40.47151,13.93026,2.44440
2024-07-01T12:00:00.000Z,43.95095,13.90489,2.70711
2024-07-01T18:00:00.000Z,47.42385,13.87802,2.95913
2024-07-02T00:00:00.000Z,50.88984,13.84946,3.19956
2024-07-02T06:00:00.000Z,54.34845,13.81907,3.42757
2024-07-02T12:00:00.000Z,57.79923,13.78668,3.64236
2024-07-02T18:00:00.000Z,61.24164,13.75216,3.84323
2024-07-03T00:00:00.000Z,64.67514,13.71536,4.02953
2024-07-03T06:00:00.000Z,68.09915,13.67618,4.20066
2024-07-03T12:00:00.000Z,71.51305,13.63452,4.35613
2024-07-03T18:00:00.000Z,74.91623,13.59032,4.49550
2024-07-04T00:00:00.000Z,78.30803,13.54355,4.61841
2024-07-04T06:00:00.000Z,81.68782,13.49419,4.72459
2024-07-04T12:00:00.000Z,85.05494,13.44227,4.81383
2024-07-04T18:00:00.000Z,88.40878,13.38786,4.88599
2024-07-05T00:00:00.000Z,91.74871,13.33104,4.94104
2024-07-05T06:00:00.000Z,95.07414,13.27195,4.97898
2024-07-05T12:00:00.000Z,98.38454,13.21074,4.99991
2024-07-05T18:00:00.000Z,101.67939,13.14759,5.00399
2024-07-06T00:00:00.000Z,104.95823,13.08274,4.99145
2024-07-06T06:00:00.000Z,108.22067,13.01642,4.96256
2024-07-06T12:00:00.000Z,111.46638,12.94890,4.91767
2024-07-06T18:00:00.000Z,114.69508,12.88046,4.85717
2024-07-07T00:00:00.000Z,117.90660,12.81141,4.78149
2024-07-07T06:00:00.000Z,121.10080,12.74208,4.69112
2024-07-07T12:00:00.000Z,124.27767,12.67278,4.58656
2024-07-07T18:00:00.000Z,127.43726,12.60387,4.46836
2024-07-08T00:00:00.000Z,130.57970,12.53568,4.33709
2024-07-08T06:00:00.000Z,133.70523,12.46858,4.19335
2024-07-08T12:00:00.000Z,136.81414,12.40290,4.03775
2024-07-08T18:00:00.000Z,139.90685,12.33899,3.87091
2024-07-09T00:00:00.000Z,142.98384,12.27719,3.69347
2024-07-09T06:00:00.000Z,146.04568,12.21783,3.50607
2024-07-09T12:00:00.000Z,149.09301,12.16123,3.30935
2024-07-09T18:00:00.000Z,152.12658,12.10771,3.10397
2024-07-10T00:00:00.000Z,155.14718,12.05756,2.89056
2024-07-10T06:00:00.000Z,158.15569,12.01107,2.66977
2024-07-10T12:00:00.000Z,161.15306,11.96848,2.44225
2024-07-10T18:00:00.000Z,164.14029,11.93007,2.20861
2024-07-11T00:00:00.000Z,167.11847,11.89604,1.96950
2024-07-11T06:00:00.000Z,170.08871,11.86662,1.72552
2024-07-11T12:00:00.000Z,173.05220,11.84201,1.47730
2024-07-11T18:00:00.000Z,176.01015,11.82237,1.22544
2024-07-12T00:00:00.000Z,178.96382,11.80786,0.97055
2024-07-12T06:00:00.000Z,181.91453,11.79863,0.71321
2024-07-12T12:00:00.000Z,184.86360,11.79480,0.45402
2024-07-12T18:00:00.000Z,187.81240,11.79646,0.19357
2024-07-13T00:00:00.000Z,190.76231,11.80371,-0.06755
2024-07-13T06:00:00.000Z,193.71473,11.81662,-0.32877
2024-07-13T12:00:00.000Z,196.67110,11.83522,-0.58948
2024-07-13T18:00:00.000Z,199.63283,11.85955,-0.84909
2024-07-14T00:00:00.000Z,202.60136,11.88961,-1.10700
2024-07-14T06:00:00.000Z,205.57812,11.92538,-1.36261
2024-07-14T12:00:00.000Z,208.56453,11.96683,-1.61530
2024-07-14T18:00:00.000Z,211.56201,12.01388,-1.86443
2024-07-15T00:00:00.000Z,214.57195,12.06645,-2.10936
2024-07-15T06:00:00.000Z,217.59571,12.12442,-2.34944
2024-07-15T12:00:00.000Z,220.63461,12.18762,-2.58401
2024-07-15T18:00:00.000Z,223.68995,12.25588,-2.81237
2024-07-16T00:00:00.000Z,226.76297,12.32898,-3.03382
2024-07-16T06:00:00.000Z,229.85485,12.40667,-3.24765
2024-07-16T12:00:00.000Z,232.96669,12.48867,-3.45313
2024-07-16T18:00:00.000Z,236.09954,12.57466,-3.64953
2024-07-17T00:00:00.000Z,239.25435,12.66427,-3.83609
2024-07-17T06:00:00.000Z,242.43198,12.75713,-4.01205
2024-07-17T12:00:00.000Z,245.63318,12.85279,-4.17665
2024-07-17T18:00:00.000Z,248.85861,12.95081,-4.32912
2024-07-18T00:00:00.000Z,252.10878,13.05069,-4.46871
2024-07-18T06:00:00.000Z,255.38410,13.15190,-4.59466
2024-07-18T12:00:00.000Z,258.68483,13.25388,-4.70622
2024-07-18T18:00:00.000Z,262.01110,13.35607,-4.80269
2024-07-19T00:00:00.000Z,265.36288,13.45787,-4.88338
2024-07-19T06:00:00.000Z,268.74000,13.55865,-4.94763
2024-07-19T12:00:00.000Z,272.14212,13.65781,-4.99483
2024-07-19T18:00:00.000Z,275.56876,13.75471,-5.02443
2024-07-20T00:00:00.000Z,279.01928,13.84873,-5.03594
2024-07-20T06:00:00.000Z,282.49288,13.93927,-5.02894
2024-07-20T12:00:00.000Z,285.98862,14.02573,-5.00310
2024-07-20T18:00:00.000Z,289.50541,14.10757,-4.95815
2024-07-21T00:00:00.000Z,293.04202,14.18425,-4.89395
2024-07-21T06:00:00.000Z,296.59711,14.25532,-4.81046
2024-07-21T12:00:00.000Z,300.16921,14.32034,-4.70773
2024-07-21T18:00:00.000Z,303.75678,14.37896,-4.58594
2024-07-22T00:00:00.000Z,307.35818,14.43090,-4.44539
2024-07-22T06:00:00.000Z,310.97169,14.47592,-4.28648
2024-07-22T12:00:00.000Z,314.59558,14.51388,-4.10974
2024-07-22T18:00:00.000Z,318.22807,14.54472,-3.91582
2024-07-23T00:00:00.000Z,321.86737,14.56843,-3.70548
2024-07-23T06:00:00.000Z,325.51172,14.58509,-3.47958
2024-07-23T12:00:00.000Z,329.15936,14.59486,-3.23908
2024-07-23T18:00:00.000Z,332.80861,14.59794,-2.98503
2024-07-24T00:00:00.000Z,336.45782,14.59461,-2.71858
2024-07-24T06:00:00.000Z,340.10542,14.58518,-2.44092
2024-07-24T12:00:00.000Z,343.74994,14.57003,-2.15332
2024-07-24T18:00:00.000Z,347.39000,14.54954,-1.85710
2024-07-25T00:00:00.000Z,351.02432,14.52416,-1.55359
2024-07-25T06:00:00.000Z,354.65172,14.49431,-1.24419
2024-07-25T12:00:00.000Z,358.27115,14.46046,-0.93027
2024-07-25T18:00:00.000Z,1.88166,14.42304,-0.61323
2024-07-26T00:00:00.000Z,5.48241,14.38251,-0.29446
2024-07-26T06:00:00.000Z,9.07269,14.33929,0.02468
2024-07-26T12:00:00.000Z,12.65187,14.29379,0.34284
2024-07-26T18:00:00.000Z,16.21943,14.24639,0.65870
2024-07-27T00:00:00.000Z,19.77495,14.19747,0.97100
2024-07-27T06:00:00.000Z,23.31807,14.14733,1.27851
2024-07-27T12:00:00.000Z,26.84854,14.09628,1.58003
2024-07-27T18:00:00.000Z,30.36617,14.04458,1.87446
2024-07-28T00:00:00.000Z,33.87081,13.99245,2.16070
2024-07-28T06:00:00.000Z,37.36239,13.94008,2.43775
2024-07-28T12:00:00.000Z,40.84086,13.88763,2.70467
2024-07-28T18:00:00.000Z,44.30622,13.83522,2.96055
2024-07-29T00:00:00.000Z,47.75849,13.78294,3.20458
2024-07-29T06:00:00.000Z,51.19772,13.73086,3.43599
2024-07-29T12:00:00.000Z,54.62396,13.67901,3.65409
2024-07-29T18:00:00.000Z,58.03726,13.62739,3.85824
2024-07-30T00:00:00.000Z,61.43770,13.57601,4.04787
2024-07-30T06:00:00.000Z,64.82531,13.52483,4.22248
2024-07-30T12:00:00.000Z,68.20014,13.47380,4.38163
2024-07-30T18:00:00.000Z,71.56224,13.42288,4.52495
2024-07-31T00:00:00.000Z,74.91161,13.37200,4.65212
2024-07-31T06:00:00.000Z,78.24826,13.32108,4.76289
2024-07-31T12:00:00.000Z,81.57217,13.27008,4.85707
2024-07-31T18:00:00.000Z,84.88331,13.21890,4.93454
2024-08-01T00:00:00.000Z,88.18163,13.16751,4.99523
2024-08-01T06:00:00.000Z,91.46707,13.11584,5.03913
2024-08-01T12:00:00.000Z,94.73956,13.06386,5.06628
2024-08-01T18:00:00.000Z,97.99900,13.01153,5.07680
2024-08-02T00:00:00.000Z,101.24533,12.95886,5.07084
2024-08-02T06:00:00.000Z,104.47843,12.90583,5.04861
2024-08-02T12:00:00.000Z,107.69824,12.85247,5.01038
2024-08-02T18:00:00.000Z,110.90468,12.79882,4.95646
2024-08-03T00:00:00.000Z,114.09766,12.74493,4.88720
2024-08-03T06:00:00.000Z,117.27716,12.69089,4.80299
2024-08-03T12:00:00.000Z,120.44314,12.63678,4.70429
2024-08-03T18:00:00.000Z,123.59559,12.58271,4.59156
2024-08-04T00:00:00.000Z,126.73454,12.52881,4.46530
2024-08-04T06:00:00.000Z,129.86005,12.47523,4.32607
2024-08-04T12:00:00.000Z,132.97222,12.42211,4.17441
2024-08-04T18:00:00.000Z,136.07119,12.36963,4.01092
2024-08-05T00:00:00.000Z,139.15714,12.31798,3.83621
2024-08-05T06:00:00.000Z,142.23029,12.26734,3.65090
2024-08-05T12:00:00.000Z,145.29094,12.21791,3.45563
2024-08-05T18:00:00.000Z,148.33940,12.16992,3.25106
2024-08-06T00:00:00.000Z,151.37606,12.12357,3.03785
2024-08-06T06:00:00.000Z,154.40137,12.07909,2.81665
2024-08-06T12:00:00.000Z,157.41581,12.03671,2.58816
2024-08-06T18:00:00.000Z,160.41994,11.99665,2.35303
2024-08-07T00:00:00.000Z,163.41437,11.95915,2.11194
2024-08-07T06:00:00.000Z,166.39977,11.92443,1.86557
2024-08-07T12:00:00.000Z,169.37685,11.89271,1.61458
2024-08-07T18:00:00.000Z,172.34641,11.86422,1.35965
2024-08-08T00:00:00.000Z,175.30927,11.83917,1.10142
2024-08-08T06:00:00.000Z,178.26631,11.81777,0.84055
2024-08-08T12:00:00.000Z,181.21849,11.80023,0.57769
2024-08-08T18:00:00.000Z,184.16678,11.78673,0.31348
2024-08-09T00:00:00.000Z,187.11222,11.77747,0.04855
2024-08-09T06:00:00.000Z,190.05589,11.77263,-0.21647
2024-08-09T12:00:00.000Z,192.99893,11.77236,-0.48098
2024-08-09T18:00:00.000Z,195.94248,11.77683,-0.74434
2024-08-10T00:00:00.000Z,198.88775,11.78617,-1.00597
2024-08-10T06:00:00.000Z,201.83599,11.80052,-1.26525
2024-08-10T12:00:00.000Z,204.78845,11.82000,-1.52158
2024-08-10T18:00:00.000Z,207.74643,11.84471,-1.77437
2024-08-11T00:00:00.000Z,210.71125,11.87474,-2.02300
2024-08-11T06:00:00.000Z,213.68425,11.91014,-2.26688
2024-08-11T12:00:00.000Z,216.66679,11.95099,-2.50540
2024-08-11T18:00:00.000Z,219.66021,11.99729,-2.73794
2024-08-12T00:00:00.000Z,222.66590,12.04907,-2.96389
2024-08-12T06:00:00.000Z,225.68521,12.10629,-3.18261
2024-08-12T12:00:00.000Z,228.71950,12.16892,-3.39346
2024-08-12T18:00:00.000Z,231.77012,12.23687,-3.59581
2024-08-13T00:00:00.000Z,234.83838,12.31004,-3.78898
2024-08-13T06:00:00.000Z,237.92558,12.38830,-3.97232
2024-08-13T12:00:00.000Z,241.03296,12.47147,-4.14515
2024-08-13T18:00:00.000Z,244.16172,12.55934,-4.30679
2024-08-14T00:00:00.000Z,247.31302,12.65165,-4.45655
2024-08-14T06:00:00.000Z,250.48792,12.74813,-4.59374
2024-08-14T12:00:00.000Z,253.68742,12.84844,-4.71766
2024-08-14T18:00:00.000Z,256.91245,12.95220,-4.82764
2024-08-15T00:00:00.000Z,260.16381,13.05901,-4.92299
2024-08-15T06:00:00.000Z,263.44220,13.16839,-5.00304
2024-08-15T12:00:00.000Z,266.74821,13.27986,-5.06715
2024-08-15T18:00:00.000Z,270.08229,13.39285,-5.11469
2024-08-16T00:00:00.000Z,273.44476,13.50680,-5.14507
2024-08-16T06:00:00.000Z,276.83576,13.62106,-5.15774
2024-08-16T12:00:00.000Z,280.25530,13.73499,-5.15219
2024-08-16T18:00:00.000Z,283.70322,13.84790,-5.12799
2024-08-17T00:00:00.000Z,287.17915,13.95908,-5.08477
2024-08-17T06:00:00.000Z,290.68260,14.06780,-5.02222
2024-08-17T12:00:00.000Z,294.21283,14.17332,-4.94014
2024-08-17T18:00:00.000Z,297.76898,14.27492,-4.83842
2024-08-18T00:00:00.000Z,301.34995,14.37188,-4.71706
2024-08-18T06:00:00.000Z,304.95452,14.46348,-4.57617
2024-08-18T12:00:00.000Z,308.58124,14.54908,-4.41600
2024-08-18T18:00:00.000Z,312.22855,14.62805,-4.23691
2024-08-19T00:00:00.000Z,315.89471,14.69981,-4.03940
2024-08-19T06:00:00.000Z,319.57785,14.76387,-3.82410
2024-08-19T12:00:00.000Z,323.27600,14.81979,-3.59179
2024-08-19T18:00:00.000Z,326.98707,14.86723,-3.34336
2024-08-20T00:00:00.000Z,330.70892,14.90592,-3.07985
2024-08-20T06:00:00.000Z,334.43932,14.93567,-2.80240
2024-08-20T12:00:00.000Z,338.17603,14.95642,-2.51228
2024-08-20T18:00:00.000Z,341.91680,14.96817,-2.21084
2024-08-21T00:00:00.000Z,345.65939,14.97101,-1.89953
2024-08-21T06:00:00.000Z,349.40159,14.96512,-1.57986
2024-08-21T12:00:00.000Z,353.14126,14.95078,-1.25340
2024-08-21T18:00:00.000Z,356.87631,14.92831,-0.92178
2024-08-22T00:00:00.000Z,0.60477,14.89811,-0.58660
2024-08-22T06:00:00.000Z,4.32477,14.86064,-0.24952
2024-08-22T12:00:00.000Z,8.03453,14.81640,0.08784
2024-08-22T18:00:00.000Z,11.73245,14.76593,0.42389
2024-08-23T00:00:00.000Z,15.41702,14.70977,0.75706
2024-08-23T06:00:00.000Z,19.08691,14.64851,1.08586
2024-08-23T12:00:00.000Z,22.74090,14.58273,1.40884
2024-08-23T18:00:00.000Z,26.37794,14.51301,1.72465
2024-08-24T00:00:00.000Z,29.99712,14.43991,2.03199
2024-08-24T06:00:00.000Z,33.59766,14.36399,2.32968
2024-08-24T12:00:00.000Z,37.17892,14.28578,2.61660
2024-08-24T18:00:00.000Z,40.74040,14.20579,2.89176
2024-08-25T00:00:00.000Z,44.28170,14.12449,3.15423
2024-08-25T06:00:00.000Z,47.80257,14.04232,3.40318
2024-08-25T12:00:00.000Z,51.30283,13.95969,3.63789
2024-08-25T18:00:00.000Z,54.78241,13.87699,3.85773
2024-08-26T00:00:00.000Z,58.24135,13.79453,4.06212
2024-08-26T06:00:00.000Z,61.67973,13.71263,4.25061
2024-08-26T12:00:00.000Z,65.09774,13.63155,4.42279
2024-08-26T18:00:00.000Z,68.49560,13.55152,4.57837
2024-08-27T00:00:00.000Z,71.87362,13.47274,4.71708
2024-08-27T06:00:00.000Z,75.23211,13.39538,4.83875
2024-08-27T12:00:00.000Z,78.57145,13.31956,4.94326
2024-08-27T18:00:00.000Z,81.89204,13.24541,5.03057
2024-08-28T00:00:00.000Z,85.19432,13.17299,5.10066
2024-08-28T06:00:00.000Z,88.47871,13.10238,5.15360
2024-08-28T12:00:00.000Z,91.74568,13.03360,5.18948
2024-08-28T18:00:00.000Z,94.99569,12.96669,5.20846
2024-08-29T00:00:00.000Z,98.22920,12.90164,5.21073
2024-08-29T06:00:00.000Z,101.44669,12.83844,5.19652
2024-08-29T12:00:00.000Z,104.64860,12.77708,5.16613
2024-08-29T18:00:00.000Z,107.83541,12.71754,5.11984
2024-08-30T00:00:00.000Z,111.00755,12.65977,5.05803
2024-08-30T06:00:00.000Z,114.16547,12.60377,4.98106
2024-08-30T12:00:00.000Z,117.30960,12.54948,4.88936
2024-08-30T18:00:00.000Z,120.44037,12.49688,4.78336
2024-08-31T00:00:00.000Z,123.55820,12.44593,4.66353
2024-08-31T06:00:00.000Z,126.66350,12.39662,4.53038
2024-08-31T12:00:00.000Z,129.75667,12.34892,4.38442
2024-08-31T18:00:00.000Z,132.83812,12.30282,4.22619
2024-09-01T00:00:00.000Z,135.90825,12.25832,4.05625
2024-09-01T06:00:00.000Z,138.96744,12.21541,3.87519
2024-09-01T12:00:00.000Z,142.01611,12.17410,3.68360
2024-09-01T18:00:00.000Z,145.05466,12.13442,3.48210
2024-09-02T00:00:00.000Z,148.08348,12.09638,3.27132
2024-09-02T06:00:00.000Z,151.10301,12.06003,3.05188
2024-09-02T12:00:00.000Z,154.11367,12.02540,2.82445
2024-09-02T18:00:00.000Z,157.11588,11.99255,2.58969
2024-09-03T00:00:00.000Z,160.11012,11.96154,2.34825
2024-09-03T06:00:00.000Z,163.09684,11.93245,2.10082
2024-09-03T12:00:00.000Z,166.07653,11.90535,1.84807
2024-09-03T18:00:00.000Z,169.04970,11.88033,1.59070
2024-09-04T00:00:00.000Z,172.01690,11.85750,1.32937
2024-09-04T06:00:00.000Z,174.97866,11.83695,1.06478
2024-09-04T12:00:00.000Z,177.93559,11.81879,0.79762
2024-09-04T18:00:00.000Z,180.88828,11.80316,0.52856
2024-09-05T00:00:00.000Z,183.83740,11.79016,0.25829
2024-09-05T06:00:00.000Z,186.78361,11.77994,-0.01251
2024-09-05T12:00:00.000Z,189.72763,11.77263,-0.28319
2024-09-05T18:00:00.000Z,192.67019,11.76836,-0.55306
2024-09-06T00:00:00.000Z,195.61208,11.76727,-0.82148
2024-09-06T06:00:00.000Z,198.55411,11.76951,-1.08780
2024-09-06T12:00:00.000Z,201.49713,11.77521,-1.35137
2024-09-06T18:00:00.000Z,204.44203,11.78452,-1.61155
2024-09-07T00:00:00.000Z,207.38971,11.79758,-1.86773
2024-09-07T06:00:00.000Z,210.34114,11.81451,-2.11927
2024-09-07T12:00:00.000Z,213.29731,11.83545,-2.36558
2024-09-07T18:00:00.000Z,216.25922,11.86052,-2.60603
2024-09-08T00:00:00.000Z,219.22792,11.88985,-2.84003
2024-09-08T06:00:00.000Z,222.20451,11.92353,-3.06698
2024-09-08T12:00:00.000Z,225.19006,11.96167,-3.28628
2024-09-08T18:00:00.000Z,228.18572,12.00435,-3.49735
2024-09-09T00:00:00.000Z,231.19262,12.05165,-3.69958
2024-09-09T06:00:00.000Z,234.21194,12.10363,-3.89239
2024-09-09T12:00:00.000Z,237.24483,12.16032,-4.07518
2024-09-09T18:00:00.000Z,240.29250,12.22176,-4.24736
2024-09-10T00:00:00.000Z,243.35611,12.28793,-4.40835
2024-09-10T06:00:00.000Z,246.43686,12.35883,-4.55754
2024-09-10T12:00:00.000Z,249.53592,12.43439,-4.69435
2024-09-10T18:00:00.000Z,252.65444,12.51455,-4.81819
2024-09-11T00:00:00.000Z,255.79357,12.59920,-4.92846
2024-09-11T06:00:00.000Z,258.95441,12.68819,-5.02460
2024-09-11T12:00:00.000Z,262.13803,12.78136,-5.10602
2024-09-11T18:00:00.000Z,265.34544,12.87850,-5.17217
2024-09-12T00:00:00.000Z,268.57761,12.97935,-5.22250
2024-09-12T06:00:00.000Z,271.83542,13.08362,-5.25647
2024-09-12T12:00:00.000Z,275.11969,13.19097,-5.27360
2024-09-12T18:00:00.000Z,278.43115,13.30103,-5.27339
2024-09-13T00:00:00.000Z,281.77042,13.41336,-5.25543
2024-09-13T06:00:00.000Z,285.13801,13.52750,-5.21930
2024-09-13T12:00:00.000Z,288.53431,13.64292,-5.16467
2024-09-13T18:00:00.000Z,291.95957,13.75906,-5.09125
2024-09-14T00:00:00.000Z,295.41389,13.87532,-4.99882
2024-09-14T06:00:00.000Z,298.89722,13.99104,-4.88725
2024-09-14T12:00:00.000Z,302.40935,14.10555,-4.75649
2024-09-14T18:00:00.000Z,305.94988,14.21813,-4.60657
2024-09-15T00:00:00.000Z,309.51824,14.32806,-4.43764
2024-09-15T06:00:00.000Z,313.11366,14.43457,-4.24998
2024-09-15T12:00:00.000Z,316.73522,14.53691,-4.04396
2024-09-15T18:00:00.000Z,320.38175,14.63433,-3.82010
2024-09-16T00:00:00.000Z,324.05195,14.72608,-3.57904
2024-09-16T06:00:00.000Z,327.74431,14.81145,-3.32157
2024-09-16T12:00:00.000Z,331.45713,14.88976,-3.04862
2024-09-16T18:00:00.000Z,335.18858,14.96036,-2.76123
2024-09-17T00:00:00.000Z,338.93666,15.02267,-2.46059
2024-09-17T06:00:00.000Z,342.69922,15.07619,-2.14802
2024-09-17T12:00:00.000Z,346.47402,15.12048,-1.82495
2024-09-17T18:00:00.000Z,350.25869,15.15518,-1.49291
2024-09-18T00:00:00.000Z,354.05081,15.18003,-1.15352
2024-09-18T06:00:00.000Z,357.84789,15.19485,-0.80847
2024-09-18T12:00:00.000Z,1.64741,15.19958,-0.45953
2024-09-18T18:00:00.000Z,5.44686,15.19424,-0.10846
2024-09-19T00:00:00.000Z,9.24371,15.17895,0.24292
2024-09-19T06:00:00.000Z,13.03552,15.15391,0.59282
2024-09-19T12:00:00.000Z,16.81989,15.11945,0.93947
2024-09-19T18:00:00.000Z,20.59449,15.07593,1.28113
2024-09-20T00:00:00.000Z,24.35713,15.02381,1.61615
2024-09-20T06:00:00.000Z,28.10572,14.96362,1.94294
2024-09-20T12:00:00.000Z,31.83831,14.89594,2.26000
2024-09-20T18:00:00.000Z,35.55311,14.82139,2.56594
2024-09-21T00:00:00.000Z,39.24848,14.74062,2.85948
2024-09-21T06:00:00.000Z,42.92295,14.65433,3.13947
2024-09-21T12:00:00.000Z,46.57522,14.56319,3.40488
2024-09-21T18:00:00.000Z,50.20418,14.46793,3.65480
2024-09-22T00:00:00.000Z,53.80888,14.36922,3.88846
2024-09-22T06:00:00.000Z,57.38855,14.26776,4.10520
2024-09-22T12:00:00.000Z,60.94258,14.16421,4.30450
2024-09-22T18:00:00.000Z,64.47052,14.05920,4.48594
2024-09-23T00:00:00.000Z,67.97210,13.95334,4.64920
2024-09-23T06:00:00.000Z,71.44716,13.84721,4.79408
2024-09-23T12:00:00.000Z,74.89572,13.74133,4.92046
2024-09-23T18:00:00.000Z,78.31789,13.63620,5.02833
2024-09-24T00:00:00.000Z,81.71392,13.53226,5.11771
2024-09-24T06:00:00.000Z,85.08416,13.42993,5.18873
2024-09-24T12:00:00.000Z,88.42905,13.32956,5.24156
2024-09-24T18:00:00.000Z,91.74914,13.23149,5.27645
2024-09-25T00:00:00.000Z,95.04502,13.13599,5.29366
2024-09-25T06:00:00.000Z,98.31738,13.04330,5.29352
2024-09-25T12:00:00.000Z,101.56694,12.95364,5.27640
2024-09-25T18:00:00.000Z,104.79448,12.86717,5.24269
2024-09-26T00:00:00.000Z,108.00081,12.78402,5.19281
2024-09-26T06:00:00.000Z,111.18679,12.70430,5.12721
2024-09-26T12:00:00.000Z,114.35327,12.62809,5.04636
2024-09-26T18:00:00.000Z,117.50115,12.55545,4.95076
2024-09-27T00:00:00.000Z,120.63132,12.48639,4.84092
2024-09-27T06:00:00.000Z,123.74467,12.42093,4.71736
2024-09-27T12:00:00.000Z,126.84211,12.35906,4.58061
2024-09-27T18:00:00.000Z,129.92452,12.30076,4.43124
2024-09-28T00:00:00.000Z,132.99280,12.24597,4.26980
2024-09-28T06:00:00.000Z,136.04782,12.19466,4.09687
2024-09-28T12:00:00.000Z,139.09044,12.14675,3.91303
2024-09-28T18:00:00.000Z,142.12150,12.10219,3.71888
2024-09-29T00:00:00.000Z,145.14183,12.06089,3.51501
2024-09-29T06:00:00.000Z,148.15223,12.02278,3.30203
2024-09-29T12:00:00.000Z,151.15350,11.98778,3.08056
2024-09-29T18:00:00.000Z,154.14640,11.95581,2.85122
2024-09-30T00:00:00.000Z,157.13167,11.92677,2.61464
2024-09-30T06:00:00.000Z,160.11004,11.90060,2.37145
2024-09-30T12:00:00.000Z,163.08222,11.87721,2.12232
2024-09-30T18:00:00.000Z,166.04889,11.85651,1.86787
2024-10-01T00:00:00.000Z,169.01071,11.83845,1.60877
2024-10-01T06:00:00.000Z,171.96834,11.82295,1.34569
2024-10-01T12:00:00.000Z,174.92241,11.80995,1.07929
2024-10-01T18:00:00.000Z,177.87354,11.79940,0.81025
2024-10-02T00:00:00.000Z,180.82233,11.79125,0.53924
2024-10-02T06:00:00.000Z,183.76937,11.78545,0.26694
2024-10-02T12:00:00.000Z,186.71526,11.78198,-0.00596
2024-10-02T18:00:00.000Z,189.66057,11.78081,-0.27878
2024-10-03T00:00:00.000Z,192.60587,11.78194,-0.55084
2024-10-03T06:00:00.000Z,195.55174,11.78536,-0.82145
2024-10-03T12:00:00.000Z,198.49875,11.79108,-1.08994
2024-10-03T18:00:00.000Z,201.44748,11.79911,-1.35563
2024-10-04T00:00:00.000Z,204.39851,11.80948,-1.61785
2024-10-04T06:00:00.000Z,207.35242,11.82222,-1.87593
2024-10-04T12:00:00.000Z,210.30982,11.83738,-2.12922
2024-10-04T18:00:00.000Z,213.27132,11.85501,-2.37706
2024-10-05T00:00:00.000Z,216.23754,11.87517,-2.61882
2024-10-05T06:00:00.000Z,219.20912,11.89791,-2.85386
2024-10-05T12:00:00.000Z,222.18672,11.92331,-3.08157
2024-10-05T18:00:00.000Z,225.17100,11.95144,-3.30133
2024-10-06T00:00:00.000Z,228.16267,11.98238,-3.51254
2024-10-06T06:00:00.000Z,231.16243,12.01620,-3.71461
2024-10-06T12:00:00.000Z,234.17102,12.05299,-3.90697
2024-10-06T18:00:00.000Z,237.18918,12.09283,-4.08904
2024-10-07T00:00:00.000Z,240.21769,12.13579,-4.26027
2024-10-07T06:00:00.000Z,243.25734,12.18196,-4.42012
2024-10-07T12:00:00.000Z,246.30894,12.23139,-4.56805
2024-10-07T18:00:00.000Z,249.37331,12.28417,-4.70354
2024-10-08T00:00:00.000Z,252.45130,12.34034,-4.82609
2024-10-08T06:00:00.000Z,255.54376,12.39996,-4.93520
2024-10-08T12:00:00.000Z,258.65157,12.46307,-5.03039
2024-10-08T18:00:00.000Z,261.77559,12.52970,-5.11120
2024-10-09T00:00:00.000Z,264.91671,12.59984,-5.17718
2024-10-09T06:00:00.000Z,268.07581,12.67351,-5.22790
2024-10-09T12:00:00.000Z,271.25376,12.75066,-5.26296
2024-10-09T18:00:00.000Z,274.45143,12.83125,-5.28197
2024-10-10T00:00:00.000Z,277.66967,12.91520,-5.28458
2024-10-10T06:00:00.000Z,280.90930,13.00241,-5.27045
2024-10-10T12:00:00.000Z,284.17114,13.09274,-5.23930
2024-10-10T18:00:00.000Z,287.45593,13.18601,-5.19085
2024-10-11T00:00:00.000Z,290.76438,13.28203,-5.12489
2024-10-11T06:00:00.000Z,294.09716,13.38054,-5.04126
2024-10-11T12:00:00.000Z,297.45486,13.48127,-4.93982
2024-10-11T18:00:00.000Z,300.83797,13.58388,-4.82052
2024-10-12T00:00:00.000Z,304.24694,13.68800,-4.68336
2024-10-12T06:00:00.000Z,307.68209,13.79323,-4.52842
2024-10-12T12:00:00.000Z,311.14364,13.89909,-4.35584
2024-10-12T18:00:00.000Z,314.63168,14.00509,-4.16586
2024-10-13T00:00:00.000Z,318.14618,14.11069,-3.95882
2024-10-13T06:00:00.000Z,321.68697,14.21530,-3.73514
2024-10-13T12:00:00.000Z,325.25373,14.31830,-3.49535
2024-10-13T18:00:00.000Z,328.84597,14.41905,-3.24012
2024-10-14T00:00:00.000Z,332.46304,14.51686,-2.97019
2024-10-14T06:00:00.000Z,336.10413,14.61104,-2.68645
2024-10-14T12:00:00.000Z,339.76824,14.70087,-2.38990
2024-10-14T18:00:00.000Z,343.45418,14.78564,-2.08167
2024-10-15T00:00:00.000Z,347.16061,14.86463,-1.76299
2024-10-15T06:00:00.000Z,350.88600,14.93716,-1.43521
2024-10-15T12:00:00.000Z,354.62863,15.00255,-1.09979
2024-10-15T18:00:00.000Z,358.38666,15.06017,-0.75827
2024-10-16T00:00:00.000Z,2.15805,15.10943,-0.41228
2024-10-16T06:00:00.000Z,5.94066,15.14979,-0.06353
2024-10-16T12:00:00.000Z,9.73219,15.18081,0.28624
2024-10-16T18:00:00.000Z,13.53027,15.20210,0.63526
2024-10-17T00:00:00.000Z,17.33243,15.21337,0.98172
2024-10-17T06:00:00.000Z,21.13612,15.21441,1.32385
2024-10-17T12:00:00.000Z,24.93878,15.20512,1.65989
2024-10-17T18:00:00.000Z,28.73782,15.18550,1.98811
2024-10-18T00:00:00.000Z,32.53068,15.15565,2.30689
2024-10-18T06:00:00.000Z,36.31481,15.11577,2.61466
2024-10-18T12:00:00.000Z,40.08775,15.06618,2.90996
2024-10-18T18:00:00.000Z,43.84711,15.00726,3.19144
2024-10-19T00:00:00.000Z,47.59063,14.93949,3.45788
2024-10-19T06:00:00.000Z,51.31615,14.86345,3.70821
2024-10-19T12:00:00.000Z,55.02170,14.77976,3.94147
2024-10-19T18:00:00.000Z,58.70543,14.68911,4.15687
2024-10-20T00:00:00.000Z,62.36571,14.59223,4.35374
2024-10-20T06:00:00.000Z,66.00107,14.48989,4.53158
2024-10-20T12:00:00.000Z,69.61025,14.38288,4.69000
2024-10-20T18:00:00.000Z,73.19217,14.27199,4.82877
2024-10-21T00:00:00.000Z,76.74597,14.15803,4.94776
2024-10-21T06:00:00.000Z,80.27097,14.04176,5.04697
2024-10-21T12:00:00.000Z,83.76670,13.92395,5.12649
2024-10-21T18:00:00.000Z,87.23287,13.80535,5.18653
2024-10-22T00:00:00.000Z,90.66935,13.68663,5.22735
2024-10-22T06:00:00.000Z,94.07622,13.56847,5.24931
2024-10-22T12:00:00.000Z,97.45367,13.45146,5.25281
2024-10-22T18:00:00.000Z,100.80208,13.33618,5.23833
2024-10-23T00:00:00.000Z,104.12195,13.22314,5.20638
2024-10-23T06:00:00.000Z,107.41388,13.11281,5.15750
2024-10-23T12:00:00.000Z,110.67861,13.00559,5.09227
2024-10-23T18:00:00.000Z,113.91697,12.90186,5.01128
2024-10-24T00:00:00.000Z,117.12986,12.80194,4.91515
2024-10-24T06:00:00.000Z,120.31829,12.70611,4.80451
2024-10-24T12:00:00.000Z,123.48329,12.61459,4.68000
2024-10-24T18:00:00.000Z,126.62597,12.52758,4.54225
2024-10-25T00:00:00.000Z,129.74747,12.44523,4.39191
2024-10-25T06:00:00.000Z,132.84899,12.36766,4.22962
2024-10-25T12:00:00.000Z,135.93173,12.29496,4.05603
2024-10-25T18:00:00.000Z,138.99690,12.22717,3.87178
2024-10-26T00:00:00.000Z,142.04574,12.16433,3.67750
2024-10-26T06:00:00.000Z,145.07949,12.10643,3.47384
2024-10-26T12:00:00.000Z,148.09938,12.05345,3.26142
2024-10-26T18:00:00.000Z,151.10664,12.00535,3.04088
2024-10-27T00:00:00.000Z,154.10248,11.96205,2.81284
2024-10-27T06:00:00.000Z,157.08808,11.92347,2.57792
2024-10-27T12:00:00.000Z,160.06462,11.88953,2.33675
2024-10-27T18:00:00.000Z,163.03324,11.86010,2.08994
2024-10-28T00:00:00.000Z,165.99505,11.83506,1.83813
2024-10-28T06:00:00.000Z,168.95114,11.81429,1.58194
2024-10-28T12:00:00.000Z,171.90256,11.79765,1.32199
2024-10-28T18:00:00.000Z,174.85031,11.78498,1.05891
2024-10-29T00:00:00.000Z,177.79538,11.77613,0.79333
2024-10-29T06:00:00.000Z,180.73870,11.77096,0.52590
2024-10-29T12:00:00.000Z,183.68116,11.76930,0.25725
2024-10-29T18:00:00.000Z,186.62364,11.77100,-0.01197
2024-10-30T00:00:00.000Z,189.56694,11.77589,-0.28111
2024-10-30T06:00:00.000Z,192.51185,11.78382,-0.54950
2024-10-30T12:00:00.000Z,195.45910,11.79463,-0.81650
2024-10-30T18:00:00.000Z,198.40940,11.80817,-1.08143
2024-10-31T00:00:00.000Z,201.36341,11.82428,-1.34363
2024-10-31T06:00:00.000Z,204.32175,11.84282,-1.60243
2024-10-31T12:00:00.000Z,207.28501,11.86364,-1.85716
2024-10-31T18:00:00.000Z,210.25375,11.88663,-2.10716
2024-11-01T00:00:00.000Z,213.22849,11.91164,-2.35175
2024-11-01T06:00:00.000Z,216.20973,11.93856,-2.59027
2024-11-01T12:00:00.000Z,219.19792,11.96729,-2.82207
2024-11-01T18:00:00.000Z,222.19351,11.99773,-3.04650
2024-11-02T00:00:00.000Z,225.19692,12.02979,-3.26292
2024-11-02T06:00:00.000Z,228.20854,12.06340,-3.47070
2024-11-02T12:00:00.000Z,231.22874,12.09849,-3.66921
2024-11-02T18:00:00.000Z,234.25789,12.13501,-3.85785
2024-11-03T00:00:00.000Z,237.29636,12.17293,-4.03604
2024-11-03T06:00:00.000Z,240.34447,12.21220,-4.20320
2024-11-03T12:00:00.000Z,243.40256,12.25283,-4.35877
2024-11-03T18:00:00.000Z,246.47099,12.29480,-4.50223
2024-11-04T00:00:00.000Z,249.55007,12.33812,-4.63305
2024-11-04T06:00:00.000Z,252.64016,12.38281,-4.75076
2024-11-04T12:00:00.000Z,255.74159,12.42889,-4.85490
2024-11-04T18:00:00.000Z,258.85471,12.47641,-4.94501
2024-11-05T00:00:00.000Z,261.97990,12.52539,-5.02071
2024-11-05T06:00:00.000Z,265.11753,12.57591,-5.08160
2024-11-05T12:00:00.000Z,268.26798,12.62801,-5.12736
2024-11-05T18:00:00.000Z,271.43167,12.68175,-5.15765
2024-11-06T00:00:00.000Z,274.60900,12.73720,-5.17222
2024-11-06T06:00:00.000Z,277.80041,12.79442,-5.17080
2024-11-06T12:00:00.000Z,281.00635,12.85347,-5.15321
2024-11-06T18:00:00.000Z,284.22729,12.91440,-5.11927
2024-11-07T00:00:00.000Z,287.46371,12.97727,-5.06886
2024-11-07T06:00:00.000Z,290.71609,13.04212,-5.00190
2024-11-07T12:00:00.000Z,293.98494,13.10896,-4.91835
2024-11-07T18:00:00.000Z,297.27074,13.17780,-4.81822
2024-11-08T00:00:00.000Z,300.57400,13.24864,-4.70158
2024-11-08T06:00:00.000Z,303.89523,13.32144,-4.56853
2024-11-08T12:00:00.000Z,307.23489,13.39614,-4.41924
2024-11-08T18:00:00.000Z,310.59345,13.47265,-4.25394
2024-11-09T00:00:00.000Z,313.97136,13.55086,-4.07291
2024-11-09T06:00:00.000Z,317.36902,13.63061,-3.87650
2024-11-09T12:00:00.000Z,320.78679,13.71172,-3.66513
2024-11-09T18:00:00.000Z,324.22499,13.79395,-3.43928
2024-11-10T00:00:00.000Z,327.68386,13.87703,-3.19952
2024-11-10T06:00:00.000Z,331.16357,13.96067,-2.94650
2024-11-10T12:00:00.000Z,334.66423,14.04450,-2.68093
2024-11-10T18:00:00.000Z,338.18583,14.12814,-2.40363
2024-11-11T00:00:00.000Z,341.72827,14.21115,-2.11548
2024-11-11T06:00:00.000Z,345.29133,14.29304,-1.81748
2024-11-11T12:00:00.000Z,348.87468,14.37332,-1.51068
2024-11-11T18:00:00.000Z,352.47784,14.45141,-1.19624
2024-11-12T00:00:00.000Z,356.10019,14.52675,-0.87540
2024-11-12T06:00:00.000Z,359.74096,14.59872,-0.54947
2024-11-12T12:00:00.000Z,3.39924,14.66668,-0.21983
2024-11-12T18:00:00.000Z,7.07394,14.73001,0.11206
2024-11-13T00:00:00.000Z,10.76383,14.78805,0.44469
2024-11-13T06:00:00.000Z,14.46750,14.84017,0.77651
2024-11-13T12:00:00.000Z,18.18339,14.88574,1.10594
2024-11-13T18:00:00.000Z,21.90980,14.92417,1.43137
2024-11-14T00:00:00.000Z,25.64486,14.95492,1.75121
2024-11-14T06:00:00.000Z,29.38660,14.97749,2.06386
2024-11-14T12:00:00.000Z,33.13290,14.99144,2.36776
2024-11-14T18:00:00.000Z,36.88158,14.99641,2.66141
2024-11-15T00:00:00.000Z,40.63034,14.99212,2.94335
2024-11-15T06:00:00.000Z,44.37686,14.97839,3.21222
2024-11-15T12:00:00.000Z,48.11875,14.95513,3.46674
2024-11-15T18:00:00.000Z,51.85363,14.92235,3.70574
2024-11-16T00:00:00.000Z,55.57913,14.88016,3.92817
2024-11-16T06:00:00.000Z,59.29293,14.82879,4.13312
2024-11-16T12:00:00.000Z,62.99277,14.76854,4.31979
2024-11-16T18:00:00.000Z,66.67648,14.69983,4.48752
2024-11-17T00:00:00.000Z,70.34201,14.62315,4.63583
2024-11-17T06:00:00.000Z,73.98742,14.53908,4.76432
2024-11-17T12:00:00.000Z,77.61096,14.44825,4.87278
2024-11-17T18:00:00.000Z,81.21102,14.35135,4.96110
2024-11-18T00:00:00.000Z,84.78617,14.24913,5.02930
2024-11-18T06:00:00.000Z,88.33518,14.14236,5.07753
2024-11-18T12:00:00.000Z,91.85701,14.03182,5.10605
2024-11-18T18:00:00.000Z,95.35082,13.91831,5.11518
2024-11-19T00:00:00.000Z,98.81596,13.80261,5.10538
2024-11-19T06:00:00.000Z,102.25198,13.68551,5.07715
2024-11-19T12:00:00.000Z,105.65863,13.56775,5.03107
2024-11-19T18:00:00.000Z,109.03584,13.45005,4.96775
2024-11-20T00:00:00.000Z,112.38370,13.33311,4.88788
2024-11-20T06:00:00.000Z,115.70250,13.21757,4.79215
2024-11-20T12:00:00.000Z,118.99264,13.10403,4.68129
2024-11-20T18:00:00.000Z,122.25471,12.99305,4.55605
2024-11-21T00:00:00.000Z,125.48941,12.88512,4.41718
2024-11-21T06:00:00.000Z,128.69756,12.78072,4.26545
2024-11-21T12:00:00.000Z,131.88009,12.68025,4.10162
2024-11-21T18:00:00.000Z,135.03804,12.58407,3.92645
2024-11-22T00:00:00.000Z,138.17251,12.49250,3.74067
2024-11-22T06:00:00.000Z,141.28470,12.40582,3.54504
2024-11-22T12:00:00.000Z,144.37585,12.32426,3.34029
2024-11-22T18:00:00.000Z,147.44728,12.24800,3.12711
2024-11-23T00:00:00.000Z,150.50032,12.17721,2.90622
2024-11-23T06:00:00.000Z,153.53635,12.11199,2.67831
2024-11-23T12:00:00.000Z,156.55679,12.05243,2.44404
2024-11-23T18:00:00.000Z,159.56305,11.99858,2.20407
2024-11-24T00:00:00.000Z,162.55657,11.95047,1.95906
2024-11-24T06:00:00.000Z,165.53878,11.90808,1.70964
2024-11-24T12:00:00.000Z,168.51110,11.87139,1.45644
2024-11-24T18:00:00.000Z,171.47496,11.84033,1.20007
2024-11-25T00:00:00.000Z,174.43175,11.81484,0.94114
2024-11-25T06:00:00.000Z,177.38285,11.79482,0.68027
2024-11-25T12:00:00.000Z,180.32962,11.78015,0.41805
2024-11-25T18:00:00.000Z,183.27337,11.77070,0.15510
2024-11-26T00:00:00.000Z,186.21540,11.76633,-0.10800
2024-11-26T06:00:00.000Z,189.15696,11.76689,-0.37064
2024-11-26T12:00:00.000Z,192.09925,11.77218,-0.63221
2024-11-26T18:00:00.000Z,195.04344,11.78204,-0.89210
2024-11-27T00:00:00.000Z,197.99065,11.79628,-1.14970
2024-11-27T06:00:00.000Z,200.94193,11.81467,-1.40440
2024-11-27T12:00:00.000Z,203.89831,11.83701,-1.65556
2024-11-27T18:00:00.000Z,206.86075,11.86307,-1.90256
2024-11-28T00:00:00.000Z,209.83014,11.89262,-2.14477
2024-11-28T06:00:00.000Z,212.80733,11.92542,-2.38156
2024-11-28T12:00:00.000Z,215.79310,11.96123,-2.61227
2024-11-28T18:00:00.000Z,218.78817,11.99978,-2.83628
2024-11-29T00:00:00.000Z,221.79320,12.04082,-3.05293
2024-11-29T06:00:00.000Z,224.80877,12.08411,-3.26159
2024-11-29T12:00:00.000Z,227.83541,12.12937,-3.46163
2024-11-29T18:00:00.000Z,230.87359,12.17636,-3.65241
2024-11-30T00:00:00.000Z,233.92371,12.22482,-3.83331
2024-11-30T06:00:00.000Z,236.98609,12.27450,-4.00372
2024-11-30T12:00:00.000Z,240.06103,12.32517,-4.16303
2024-11-30T18:00:00.000Z,243.14873,12.37660,-4.31067
2024-12-01T00:00:00.000Z,246.24936,12.42856,-4.44608
2024-12-01T06:00:00.000Z,249.36303,12.48087,-4.56870
2024-12-01T12:00:00.000Z,252.48980,12.53333,-4.67802
2024-12-01T18:00:00.000Z,255.62968,12.58577,-4.77356
2024-12-02T00:00:00.000Z,258.78266,12.63805,-4.85486
2024-12-02T06:00:00.000Z,261.94867,12.69003,-4.92151
2024-12-02T12:00:00.000Z,265.12763,12.74160,-4.97311
2024-12-02T18:00:00.000Z,268.31942,12.79268,-5.00934
2024-12-03T00:00:00.000Z,271.52391,12.84320,-5.02989
2024-12-03T06:00:00.000Z,274.74096,12.89312,-5.03454
2024-12-03T12:00:00.000Z,277.97041,12.94242,-5.02306
2024-12-03T18:00:00.000Z,281.21211,12.99109,-4.99534
2024-12-04T00:00:00.000Z,284.46590,13.03918,-4.95127
2024-12-04T06:00:00.000Z,287.73164,13.08671,-4.89082
2024-12-04T12:00:00.000Z,291.00920,13.13375,-4.81402
2024-12-04T18:00:00.000Z,294.29848,13.18038,-4.72095
2024-12-05T00:00:00.000Z,297.59936,13.22669,-4.61174
2024-12-05T06:00:00.000Z,300.91180,13.27278,-4.48659
2024-12-05T12:00:00.000Z,304.23574,13.31877,-4.34577
2024-12-05T18:00:00.000Z,307.57118,13.36477,-4.18959
2024-12-06T00:00:00.000Z,310.91814,13.41090,-4.01842
2024-12-06T06:00:00.000Z,314.27665,13.45727,-3.83269
2024-12-06T12:00:00.000Z,317.64680,13.50399,-3.63291
2024-12-06T18:00:00.000Z,321.02868,13.55115,-3.41961
2024-12-07T00:00:00.000Z,324.42242,13.59883,-3.19342
2024-12-07T06:00:00.000Z,327.82815,13.64711,-2.95498
2024-12-07T12:00:00.000Z,331.24603,13.69601,-2.70503
2024-12-07T18:00:00.000Z,334.67621,13.74555,-2.44435
2024-12-08T00:00:00.000Z,338.11886,13.79572,-2.17376
2024-12-08T06:00:00.000Z,341.57413,13.84646,-1.89416
2024-12-08T12:00:00.000Z,345.04215,13.89770,-1.60649
2024-12-08T18:00:00.000Z,348.52302,13.94931,-1.31175
2024-12-09T00:00:00.000Z,352.01684,14.00115,-1.01098
2024-12-09T06:00:00.000Z,355.52361,14.05299,-0.70528
2024-12-09T12:00:00.000Z,359.04333,14.10461,-0.39580
2024-12-09T18:00:00.000Z,2.57589,14.15572,-0.08372
2024-12-10T00:00:00.000Z,6.12114,14.20601,0.22973
2024-12-10T06:00:00.000Z,9.67881,14.25510,0.54329
2024-12-10T12:00:00.000Z,13.24857,14.30260,0.85567
2024-12-10T18:00:00.000Z,16.82996,14.34808,1.16557
2024-12-11T00:00:00.000Z,20.42242,14.39108,1.47164
2024-12-11T06:00:00.000Z,24.02527,14.43111,1.77256
2024-12-11T12:00:00.000Z,27.63771,14.46769,2.06699
2024-12-11T18:00:00.000Z,31.25880,14.50029,2.35359
2024-12-12T00:00:00.000Z,34.88750,14.52842,2.63108
2024-12-12T06:00:00.000Z,38.52261,14.55158,2.89817
2024-12-12T12:00:00.000Z,42.16285,14.56928,3.15364
2024-12-12T18:00:00.000Z,45.80677,14.58108,3.39631
2024-12-13T00:00:00.000Z,49.45287,14.58657,3.62506
2024-12-13T06:00:00.000Z,53.09951,14.58538,3.83887
2024-12-13T12:00:00.000Z,56.74499,14.57722,4.03676
2024-12-13T18:00:00.000Z,60.38752,14.56184,4.21790
2024-12-14T00:00:00.000Z,64.02529,14.53907,4.38152
2024-12-14T06:00:00.000Z,67.65643,14.50883,4.52698
2024-12-14T12:00:00.000Z,71.27907,14.47110,4.65374
2024-12-14T18:00:00.000Z,74.89136,14.42597,4.76139
2024-12-15T00:00:00.000Z,78.49145,14.37360,4.84964
2024-12-15T06:00:00.000Z,82.07756,14.31421,4.91830
2024-12-15T12:00:00.000Z,85.64798,14.24812,4.96734
2024-12-15T18:00:00.000Z,89.20108,14.17574,4.99680
2024-12-16T00:00:00.000Z,92.73534,14.09749,5.00686
2024-12-16T06:00:00.000Z,96.24935,14.01390,4.99779
2024-12-16T12:00:00.000Z,99.74186,13.92552,4.96997
2024-12-16T18:00:00.000Z,103.21174,13.83296,4.92386
2024-12-17T00:00:00.000Z,106.65802,13.73683,4.85999
2024-12-17T06:00:00.000Z,110.07989,13.63778,4.77898
2024-12-17T12:00:00.000Z,113.47670,13.53649,4.68150
2024-12-17T18:00:00.000Z,116.84797,13.43359,4.56827
2024-12-18T00:00:00.000Z,120.19340,13.32977,4.44006
2024-12-18T06:00:00.000Z,123.51281,13.22565,4.29765
2024-12-18T12:00:00.000Z,126.80623,13.12187,4.14187
2024-12-18T18:00:00.000Z,130.07380,13.01903,3.97354
2024-12-19T00:00:00.000Z,133.31585,12.91770,3.79351
2024-12-19T06:00:00.000Z,136.53281,12.81844,3.60262
2024-12-19T12:00:00.000Z,139.72527,12.72174,3.40170
2024-12-19T18:00:00.000Z,142.89392,12.62808,3.19160
2024-12-20T00:00:00.000Z,146.03958,12.53790,2.97313
2024-12-20T06:00:00.000Z,149.16318,12.45159,2.74709
2024-12-20T12:00:00.000Z,152.26573,12.36952,2.51426
2024-12-20T18:00:00.000Z,155.34832,12.29201,2.27543
2024-12-21T00:00:00.000Z,158.41213,12.21934,2.03134
2024-12-21T06:00:00.000Z,161.45841,12.15176,1.78271
2024-12-21T12:00:00.000Z,164.48845,12.08948,1.53025
2024-12-21T18:00:00.000Z,167.50361,12.03269,1.27465
2024-12-22T00:00:00.000Z,170.50527,11.98153,1.01658
2024-12-22T06:00:00.000Z,173.49486,11.93612,0.75670
2024-12-22T12:00:00.000Z,176.47383,11.89654,0.49562
2024-12-22T18:00:00.000Z,179.44363,11.86286,0.23397
2024-12-23T00:00:00.000Z,182.40576,11.83510,-0.02764
2024-12-23T06:00:00.000Z,185.36169,11.81327,-0.28862
2024-12-23T12:00:00.000Z,188.31290,11.79737,-0.54838
2024-12-23T18:00:00.000Z,191.26087,11.78735,-0.80636
2024-12-24T00:00:00.000Z,194.20707,11.78316,-1.06197
2024-12-24T06:00:00.000Z,197.15294,11.78472,-1.31466
2024-12-24T12:00:00.000Z,200.09991,11.79194,-1.56385
2024-12-24T18:00:00.000Z,203.04938,11.80468,-1.80897
2024-12-25T00:00:00.000Z,206.00271,11.82283,-2.04946
2024-12-25T06:00:00.000Z,208.96124,11.84622,-2.28474
2024-12-25T12:00:00.000Z,211.92625,11.87467,-2.51424
2024-12-25T18:00:00.000Z,214.89899,11.90800,-2.73738
2024-12-26T00:00:00.000Z,217.88064,11.94598,-2.95357
2024-12-26T06:00:00.000Z,220.87235,11.98839,-3.16223
2024-12-26T12:00:00.000Z,223.87518,12.03496,-3.36276
2024-12-26T18:00:00.000Z,226.89015,12.08542,-3.55457
2024-12-27T00:00:00.000Z,229.91819,12.13949,-3.73705
2024-12-27T06:00:00.000Z,232.96017,12.19685,-3.90961
2024-12-27T12:00:00.000Z,236.01686,12.25718,-4.07165
2024-12-27T18:00:00.000Z,239.08897,12.32013,-4.22259
2024-12-28T00:00:00.000Z,242.17711,12.38536,-4.36184
2024-12-28T06:00:00.000Z,245.28180,12.45250,-4.48881
2024-12-28T12:00:00.000Z,248.40347,12.52118,-4.60296
2024-12-28T18:00:00.000Z,251.54247,12.59102,-4.70374
2024-12-29T00:00:00.000Z,254.69903,12.66165,-4.79062
2024-12-29T06:00:00.000Z,257.87331,12.73268,-4.86311
2024-12-29T12:00:00.000Z,261.06536,12.80374,-4.92075
2024-12-29T18:00:00.000Z,264.27514,12.87447,-4.96310
2024-12-30T00:00:00.000Z,267.50252,12.94452,-4.98978
2024-12-30T06:00:00.000Z,270.74729,13.01353,-5.00045
2024-12-30T12:00:00.000Z,274.00916,13.08121,-4.99481
2024-12-30T18:00:00.000Z,277.28774,13.14723,-4.97262
2024-12-31T00:00:00.000Z,280.58260,13.21134,-4.93372
2024-12-31T06:00:00.000Z,283.89321,13.27328,-4.87798
2024-12-31T12:00:00.000Z,287.21902,13.33285,-4.80538
2024-12-31T18:00:00.000Z,290.55941,13.38985,-4.71592